{"stats":{"minecraft:killed":{"minecraft:zombie_villager":1,"minecraft:salmon":6,"minecraft:polar_bear":2,"minecraft:skeleton":1,"minecraft:pillager":1,"minecraft:zombie":11,"minecraft:stray":2,"minecraft:enderman":2},"minecraft:crafted":{"minecraft:crafting_table":3,"minecraft:spruce_planks":92,"minecraft:baked_potato":8,"minecraft:wooden_pickaxe":2,"minecraft:furnace":1,"minecraft:air":0,"minecraft:iron_axe":1,"minecraft:iron_pickaxe":1,"minecraft:stick":12,"minecraft:iron_ingot":4,"minecraft:stone_pickaxe":1,"minecraft:wooden_axe":1,"minecraft:spruce_boat":2,"minecraft:dark_oak_planks":32,"minecraft:cooked_rabbit":2},"minecraft:custom":{"minecraft:interact_with_furnace":77,"minecraft:mob_kills":26,"minecraft:interact_with_crafting_table":9,"minecraft:bell_ring":6,"minecraft:leave_game":1,"minecraft:time_since_death":49212,"minecraft:sleep_in_bed":4,"minecraft:time_since_rest":33932,"minecraft:sprint_one_cm":330875,"minecraft:damage_taken":2065,"minecraft:walk_one_cm":220492,"minecraft:drop":21,"minecraft:damage_dealt":5294,"minecraft:swim_one_cm":56760,"minecraft:talked_to_villager":6,"minecraft:fly_one_cm":524917,"minecraft:player_kills":1,"minecraft:open_chest":24,"minecraft:crouch_one_cm":8116,"minecraft:play_time":174800,"minecraft:deaths":5,"minecraft:sneak_time":4393,"minecraft:walk_under_water_one_cm":11486,"minecraft:boat_one_cm":106332,"minecraft:jump":1918,"minecraft:walk_on_water_one_cm":10140,"minecraft:total_world_time":174800,"minecraft:fall_one_cm":32496},"minecraft:mined":{"minecraft:light_gray_carpet":3,"minecraft:spruce_planks":2,"iceandfire:silver_ore":1,"minecraft:red_bed":2,"minecraft:crafting_table":7,"minecraft:torch":2,"minecraft:dark_oak_fence":1,"minecraft:grass_block":4,"minecraft:chest":2,"minecraft:cobblestone":5,"minecraft:spruce_leaves":4,"minecraft:sugar_cane":1,"minecraft:furnace":3,"minecraft:iron_ore":4,"minecraft:ice":9,"minecraft:white_carpet":9,"minecraft:spruce_log":24,"minecraft:grass":14,"minecraft:potatoes":6,"minecraft:coal_ore":7,"minecraft:lantern":3,"minecraft:dirt":10,"minecraft:stone":27,"minecraft:redstone_wall_torch":1},"minecraft:killed_by":{"minecraft:player":1,"minecraft:stray":1,"minecraft:creeper":1,"minecraft:pillager":1},"minecraft:picked_up":{"minecraft:wooden_axe":2,"minecraft:crafting_table":10,"minecraft:wheat":3,"minecraft:salmon":5,"minecraft:potato":15,"minecraft:filled_map":3,"alexsmobs:cachalot_whale_tooth":1,"minecraft:lantern":3,"minecraft:red_bed":1,"minecraft:map":1,"minecraft:dirt":67,"minecraft:string":6,"minecraft:iron_axe":3,"minecraft:cooked_salmon":3,"minecraft:wooden_sword":1,"minecraft:white_carpet":9,"minecraft:bone":4,"minecraft:bow":1,"minecraft:rabbit_hide":9,"minecraft:spruce_planks":3,"minecraft:iron_ingot":18,"minecraft:redstone_torch":2,"minecraft:spruce_slab":1,"minecraft:rabbit":4,"minecraft:sugar_cane":4,"minecraft:chest":2,"minecraft:furnace":6,"minecraft:tipped_arrow":1,"minecraft:stick":6,"minecraft:raw_iron":4,"minecraft:torch":5,"minecraft:spruce_fence":2,"minecraft:spruce_sapling":3,"minecraft:ink_sac":2,"minecraft:grass_block":3,"minecraft:spruce_log":23,"alexsmobs:animal_dictionary":2,"minecraft:goat_horn":6,"minecraft:dark_oak_log":8,"minecraft:spruce_boat":1,"minecraft:arrow":15,"minecraft:rotten_flesh":21,"minecraft:beetroot_seeds":21,"minecraft:bread":2,"minecraft:light_gray_carpet":3,"minecraft:dark_oak_fence":1,"minecraft:coal":14,"minecraft:snowball":16,"iceandfire:raw_silver":1,"minecraft:cobblestone":34,"minecraft:ender_pearl":1},"minecraft:dropped":{"minecraft:iron_ingot":3,"minecraft:goat_horn":2,"minecraft:baked_potato":4,"alexsmobs:animal_dictionary":1,"minecraft:rotten_flesh":3,"minecraft:lantern":1,"minecraft:salmon":4,"minecraft:spruce_boat":1,"minecraft:torch":1,"minecraft:dark_oak_fence":1,"minecraft:bow":1,"minecraft:iron_axe":2,"minecraft:wooden_pickaxe":1},"minecraft:broken":{"minecraft:wooden_axe":1},"minecraft:used":{"minecraft:rabbit":2,"minecraft:baked_potato":4,"minecraft:spruce_slab":1,"minecraft:stone_pickaxe":25,"minecraft:chest":2,"minecraft:spruce_planks":15,"minecraft:wooden_pickaxe":26,"minecraft:cooked_salmon":3,"minecraft:rotten_flesh":16,"minecraft:salmon":1,"minecraft:torch":2,"minecraft:dirt":38,"minecraft:crafting_table":7,"minecraft:spruce_fence":1,"minecraft:snowball":16,"minecraft:spruce_boat":2,"minecraft:redstone_torch":1,"minecraft:wooden_axe":32,"minecraft:dark_oak_planks":14,"minecraft:lantern":1,"minecraft:grass_block":1,"minecraft:iron_axe":73,"minecraft:bread":2,"minecraft:map":1,"minecraft:spruce_sapling":1,"minecraft:wooden_sword":16,"minecraft:bow":1,"minecraft:cobblestone":18,"minecraft:goat_horn":11,"minecraft:furnace":4,"minecraft:cooked_rabbit":2,"alexsmobs:animal_dictionary":1,"minecraft:potato":10}},"DataVersion":3465}