{"stats":{"minecraft:killed":{"alexsmobs:lobster":4,"minecraft:spider":1,"minecraft:skeleton":4,"minecraft:chicken":1,"minecraft:pig":10,"minecraft:zombie_villager":1,"minecraft:salmon":6,"alexsmobs:seal":1,"minecraft:creeper":1,"minecraft:sheep":6,"minecraft:pillager":2,"minecraft:zombie":16,"minecraft:stray":2,"alexsmobs:fly":1,"minecraft:cow":4,"alexsmobs:seagull":1,"minecraft:polar_bear":2,"alexsmobs:catfish":1,"iceandfire:ghost":9,"minecraft:enderman":2},"minecraft:crafted":{"minecraft:smooth_stone":3,"minecraft:oak_planks":1368,"minecraft:birch_slab":12,"minecraft:stone":3,"minecraft:cooked_mutton":2,"minecraft:glass":298,"minecraft:iron_boots":2,"minecraft:dried_kelp_block":3,"minecraft:stone_hoe":1,"minecraft:oak_fence":21,"minecraft:cooked_rabbit":2,"minecraft:golden_axe":1,"minecraft:oak_slab":24,"minecraft:cooked_porkchop":17,"minecraft:crafting_table":8,"minecraft:spruce_planks":128,"minecraft:wooden_pickaxe":7,"minecraft:baked_potato":8,"minecraft:iron_helmet":2,"minecraft:oak_wood":3,"minecraft:birch_planks":52,"minecraft:iron_chestplate":2,"minecraft:wooden_hoe":2,"minecraft:stick":68,"minecraft:iron_pickaxe":1,"minecraft:iron_ingot":4,"minecraft:stone_shovel":4,"minecraft:furnace":2,"minecraft:blast_furnace":1,"minecraft:glass_pane":384,"minecraft:iron_axe":3,"minecraft:stone_pickaxe":1,"minecraft:spruce_boat":3,"minecraft:dark_oak_planks":32,"minecraft:cooked_beef":7,"iceandfire:silver_ingot":1,"minecraft:dried_kelp":30,"minecraft:cooked_salmon":21,"minecraft:leather_helmet":1,"minecraft:bucket":3,"minecraft:stone_axe":1,"minecraft:bread":3,"minecraft:air":0,"minecraft:oak_boat":2,"minecraft:wooden_axe":4,"minecraft:oak_stairs":56,"minecraft:iron_shovel":2,"minecraft:iron_leggings":1,"minecraft:torch":8},"minecraft:custom":{"minecraft:interact_with_crafting_table":68,"minecraft:open_barrel":1,"minecraft:bell_ring":6,"minecraft:leave_game":3,"minecraft:time_since_death":18449,"minecraft:sprint_one_cm":1403449,"minecraft:drop":305,"minecraft:talked_to_villager":8,"minecraft:play_time":485220,"minecraft:deaths":18,"minecraft:jump":6974,"minecraft:walk_on_water_one_cm":105125,"minecraft:interact_with_furnace":151,"minecraft:sleep_in_bed":14,"minecraft:waystone_activated":1,"minecraft:damage_dealt":13341,"minecraft:player_kills":3,"minecraft:crouch_one_cm":98161,"minecraft:horse_one_cm":2809,"minecraft:mob_kills":77,"minecraft:climb_one_cm":5402,"minecraft:walk_one_cm":909946,"minecraft:walk_under_water_one_cm":122383,"minecraft:sneak_time":33726,"minecraft:boat_one_cm":484049,"minecraft:interact_with_blast_furnace":6,"minecraft:total_world_time":485220,"minecraft:time_since_rest":18471,"minecraft:damage_taken":7387,"minecraft:trigger_trapped_chest":3,"minecraft:swim_one_cm":273819,"minecraft:fly_one_cm":1470377,"minecraft:open_chest":134,"minecraft:fall_one_cm":174283},"minecraft:mined":{"minecraft:spruce_planks":4,"minecraft:white_bed":2,"iceandfire:graveyard_soil":3,"minecraft:grass_block":99,"minecraft:infested_cobblestone":1,"minecraft:composter":1,"minecraft:chiseled_stone_bricks":1,"minecraft:smooth_stone":1,"minecraft:tall_seagrass":4,"minecraft:iron_ore":4,"minecraft:barrel":2,"minecraft:oak_stairs":5,"minecraft:iron_bars":2,"minecraft:brown_mushroom":1,"minecraft:red_bed":5,"minecraft:kelp_plant":6,"minecraft:torch":6,"minecraft:chest":27,"minecraft:glass":7,"minecraft:cobblestone":8,"minecraft:sugar_cane":15,"minecraft:oak_planks":137,"minecraft:wall_torch":11,"minecraft:skeleton_skull":3,"minecraft:seagrass":10,"minecraft:birch_log":13,"minecraft:stone_brick_stairs":4,"minecraft:wither_rose":1,"minecraft:grass":169,"minecraft:oak_log":217,"minecraft:sand":144,"minecraft:dirt":212,"minecraft:oak_leaves":84,"iceandfire:silver_ore":2,"minecraft:mossy_cobblestone":1,"minecraft:dark_oak_fence":1,"minecraft:birch_slab":4,"minecraft:spruce_leaves":4,"minecraft:cartography_table":1,"minecraft:kelp":2,"minecraft:large_fern":1,"minecraft:furnace":8,"minecraft:stripped_spruce_log":9,"minecraft:peony":23,"minecraft:potatoes":11,"minecraft:vine":6,"minecraft:lantern":13,"minecraft:packed_ice":13,"minecraft:stone":92,"minecraft:redstone_wall_torch":1,"minecraft:oak_slab":2,"minecraft:light_gray_carpet":3,"minecraft:glass_pane":22,"minecraft:spruce_door":1,"minecraft:oak_fence":2,"minecraft:crafting_table":13,"minecraft:rose_bush":2,"minecraft:tall_grass":17,"minecraft:lily_pad":17,"minecraft:coarse_dirt":1,"minecraft:birch_planks":8,"minecraft:ice":12,"minecraft:white_carpet":9,"minecraft:spruce_log":24,"minecraft:birch_leaves":27,"minecraft:coal_ore":14,"minecraft:gravel":1,"minecraft:cracked_stone_bricks":9,"minecraft:stone_bricks":12,"minecraft:mossy_stone_bricks":3,"minecraft:fern":1},"minecraft:killed_by":{"minecraft:creeper":1,"minecraft:pillager":1,"iceandfire:fire_dragon":2,"minecraft:player":2,"minecraft:stray":1,"iceandfire:ghost":5},"minecraft:picked_up":{"minecraft:wooden_axe":2,"minecraft:iron_chestplate":1,"minecraft:wheat":6,"minecraft:oak_stairs":48,"minecraft:wither_rose":1,"minecraft:enchanted_book":3,"minecraft:stone_brick_stairs":4,"iceandfire:manuscript":9,"minecraft:string":6,"minecraft:raw_copper":3,"minecraft:cooked_salmon":29,"minecraft:iron_leggings":5,"minecraft:gold_nugget":140,"minecraft:smooth_stone":1,"minecraft:bucket":5,"minecraft:spruce_planks":14,"minecraft:rose_bush":2,"waystones:return_scroll":1,"minecraft:redstone_torch":2,"minecraft:iron_pickaxe":3,"minecraft:furnace":15,"iceandfire:ghost_chest":1,"minecraft:tipped_arrow":2,"minecraft:stick":14,"minecraft:composter":1,"minecraft:oak_fence":14,"minecraft:torch":21,"minecraft:porkchop":24,"minecraft:goat_horn":7,"minecraft:rotten_flesh":41,"minecraft:obsidian":1,"minecraft:iron_bars":2,"minecraft:snowball":27,"alexsmobs:lobster_tail":3,"minecraft:cobblestone":287,"minecraft:birch_log":25,"minecraft:feather":8,"minecraft:birch_slab":9,"minecraft:water_bucket":7,"minecraft:potato":19,"minecraft:map":1,"minecraft:dirt":625,"minecraft:lantern":13,"minecraft:glass":179,"minecraft:bone":25,"minecraft:bow":1,"minecraft:wheat_seeds":19,"minecraft:mossy_stone_bricks":3,"minecraft:rabbit":4,"minecraft:oak_planks":738,"minecraft:cooked_porkchop":3,"minecraft:sand":220,"minecraft:stripped_spruce_log":9,"minecraft:ink_sac":24,"minecraft:grass_block":3,"minecraft:dark_oak_log":8,"minecraft:barrel":4,"alexsmobs:animal_dictionary":2,"minecraft:mossy_cobblestone":1,"minecraft:iron_hoe":1,"minecraft:spruce_boat":8,"minecraft:crossbow":2,"minecraft:bone_meal":1,"minecraft:bread":5,"minecraft:emerald":2,"minecraft:oak_sapling":12,"minecraft:light_gray_carpet":3,"minecraft:dark_oak_fence":1,"iceandfire:raw_silver":1,"minecraft:crafting_table":17,"minecraft:chicken":3,"minecraft:brown_mushroom":2,"minecraft:wooden_pickaxe":8,"minecraft:chain":2,"minecraft:red_bed":4,"minecraft:iron_axe":4,"minecraft:wooden_sword":1,"minecraft:white_carpet":9,"minecraft:iron_shovel":1,"minecraft:glass_pane":37,"iceandfire:graveyard_soil":4,"minecraft:cracked_stone_bricks":10,"minecraft:cartography_table":2,"minecraft:beef":12,"minecraft:oak_boat":5,"minecraft:spruce_slab":1,"minecraft:sugar_cane":32,"minecraft:chest":29,"minecraft:egg":3,"minecraft:raw_iron":4,"minecraft:spruce_fence":2,"minecraft:carrot":15,"iceandfire:silver_ingot":1,"minecraft:arrow":17,"minecraft:stone_shovel":5,"minecraft:cooked_cod":24,"minecraft:beetroot_seeds":21,"minecraft:pumpkin_pie":1,"minecraft:peony":23,"minecraft:gold_ingot":25,"minecraft:mutton":12,"minecraft:skeleton_skull":4,"minecraft:white_wool":8,"minecraft:purple_dye":2,"minecraft:salmon":6,"minecraft:leather":7,"minecraft:filled_map":3,"minecraft:birch_planks":92,"alexsmobs:cachalot_whale_tooth":4,"minecraft:oak_log":343,"minecraft:lily_pad":43,"iceandfire:ectoplasm":3,"minecraft:gunpowder":2,"minecraft:wooden_hoe":1,"minecraft:white_banner":1,"minecraft:apple":3,"minecraft:stone_bricks":12,"minecraft:kelp":31,"minecraft:rabbit_hide":14,"minecraft:iron_ingot":56,"minecraft:stone_pickaxe":2,"minecraft:cooked_chicken":1,"minecraft:cobweb":14,"minecraft:iron_sword":1,"minecraft:book":7,"minecraft:oak_slab":2,"minecraft:pumpkin":7,"minecraft:chiseled_stone_bricks":2,"minecraft:gravel":2,"minecraft:spruce_sapling":3,"minecraft:white_bed":2,"minecraft:spruce_log":23,"minecraft:spruce_door":1,"minecraft:stone_axe":3,"minecraft:iron_helmet":3,"minecraft:coal":63,"minecraft:ender_pearl":1},"minecraft:dropped":{"minecraft:iron_sword":1,"minecraft:brown_mushroom":1,"minecraft:birch_planks":30,"minecraft:porkchop":2,"minecraft:baked_potato":4,"minecraft:crafting_table":1,"minecraft:cooked_porkchop":6,"minecraft:lantern":1,"iceandfire:graveyard_soil":4,"minecraft:dirt":109,"minecraft:dark_oak_fence":1,"minecraft:cooked_cod":1,"minecraft:iron_pickaxe":1,"minecraft:bone":4,"minecraft:goat_horn":2,"alexsmobs:animal_dictionary":1,"minecraft:wheat":3,"minecraft:rotten_flesh":10,"minecraft:oak_planks":284,"alexsmobs:cachalot_whale_tooth":2,"minecraft:salmon":4,"minecraft:carrot":4,"minecraft:chiseled_stone_bricks":1,"minecraft:rabbit_hide":5,"minecraft:glass":58,"minecraft:stone_brick_stairs":4,"minecraft:water_bucket":2,"minecraft:iron_ingot":3,"minecraft:wheat_seeds":4,"minecraft:iron_helmet":1,"minecraft:cobblestone":76,"minecraft:purple_dye":2,"minecraft:stick":2,"minecraft:ink_sac":8,"minecraft:torch":1,"minecraft:wooden_hoe":1,"minecraft:rose_bush":1,"minecraft:cooked_salmon":28,"minecraft:iron_leggings":1,"minecraft:pumpkin":7,"minecraft:iron_axe":2,"minecraft:iron_shovel":2,"minecraft:lily_pad":5,"minecraft:bucket":1,"minecraft:furnace":3,"minecraft:composter":1,"minecraft:stone_shovel":4,"minecraft:iron_boots":1,"minecraft:iron_hoe":1,"minecraft:potato":2,"minecraft:spruce_boat":1,"minecraft:stone_bricks":12,"minecraft:bow":1,"minecraft:stone_pickaxe":1,"minecraft:wooden_pickaxe":2},"minecraft:broken":{"minecraft:stone_pickaxe":1,"minecraft:wooden_axe":2,"minecraft:wooden_pickaxe":4,"minecraft:iron_axe":2},"minecraft:used":{"minecraft:peony":18,"minecraft:iron_shovel":147,"minecraft:spruce_slab":1,"minecraft:chest":2,"minecraft:rotten_flesh":39,"minecraft:iron_chestplate":1,"minecraft:mutton":3,"minecraft:carrot":3,"minecraft:snowball":16,"minecraft:spruce_boat":9,"minecraft:glass":28,"minecraft:grass_block":2,"minecraft:lantern":12,"minecraft:iron_helmet":1,"minecraft:bow":1,"minecraft:furnace":6,"minecraft:oak_sapling":5,"minecraft:cooked_cod":5,"minecraft:skeleton_skull":2,"minecraft:potato":14,"minecraft:spruce_door":1,"minecraft:stone_pickaxe":96,"minecraft:oak_planks":769,"minecraft:ender_pearl":1,"minecraft:wooden_pickaxe":185,"minecraft:white_wool":5,"minecraft:blast_furnace":1,"minecraft:redstone_torch":1,"minecraft:birch_slab":11,"minecraft:bread":4,"minecraft:wooden_sword":16,"minecraft:cooked_rabbit":2,"minecraft:oak_boat":3,"minecraft:oak_fence":23,"minecraft:stone_shovel":68,"minecraft:spruce_planks":17,"minecraft:cooked_salmon":11,"minecraft:torch":8,"minecraft:dirt":354,"minecraft:spruce_fence":1,"minecraft:wooden_axe":135,"minecraft:dark_oak_planks":14,"minecraft:iron_axe":381,"minecraft:oak_stairs":39,"minecraft:beef":2,"minecraft:goat_horn":11,"minecraft:cooked_beef":2,"minecraft:golden_axe":32,"minecraft:iron_leggings":1,"minecraft:cooked_mutton":2,"minecraft:water_bucket":57,"minecraft:rabbit":2,"minecraft:birch_planks":23,"minecraft:baked_potato":4,"minecraft:salmon":2,"minecraft:mossy_cobblestone":1,"minecraft:oak_slab":15,"minecraft:crafting_table":15,"minecraft:red_bed":2,"minecraft:white_bed":2,"minecraft:wooden_hoe":10,"minecraft:apple":2,"minecraft:chicken":3,"minecraft:map":1,"minecraft:leather_helmet":1,"minecraft:spruce_sapling":1,"minecraft:stone_axe":184,"minecraft:cobblestone":20,"minecraft:cooked_porkchop":14,"minecraft:white_banner":1,"minecraft:porkchop":1,"minecraft:bucket":59,"minecraft:glass_pane":347,"alexsmobs:animal_dictionary":1,"minecraft:smooth_stone":1}},"DataVersion":3465}