{"stats":{"minecraft:killed":{"alexsmobs:lobster":4,"minecraft:spider":1,"minecraft:skeleton":3,"minecraft:chicken":1,"minecraft:pig":10,"minecraft:zombie_villager":1,"minecraft:salmon":6,"alexsmobs:seal":1,"minecraft:creeper":1,"minecraft:polar_bear":2,"minecraft:sheep":6,"alexsmobs:catfish":1,"minecraft:pillager":1,"minecraft:zombie":14,"iceandfire:ghost":7,"minecraft:stray":2,"minecraft:enderman":2,"minecraft:cow":4},"minecraft:crafted":{"minecraft:oak_planks":1364,"minecraft:birch_slab":12,"minecraft:furnace":2,"minecraft:cooked_mutton":2,"minecraft:iron_boots":1,"minecraft:iron_axe":3,"minecraft:stone_pickaxe":1,"minecraft:spruce_boat":2,"minecraft:dried_kelp_block":3,"minecraft:dark_oak_planks":32,"minecraft:oak_fence":21,"minecraft:cooked_rabbit":2,"minecraft:cooked_beef":7,"minecraft:golden_axe":1,"iceandfire:silver_ingot":1,"minecraft:cooked_porkchop":13,"minecraft:crafting_table":7,"minecraft:spruce_planks":92,"minecraft:dried_kelp":30,"minecraft:iron_helmet":1,"minecraft:wooden_pickaxe":5,"minecraft:baked_potato":8,"minecraft:leather_helmet":1,"minecraft:bucket":3,"minecraft:oak_wood":3,"minecraft:birch_planks":52,"minecraft:air":0,"minecraft:oak_boat":2,"minecraft:wooden_hoe":1,"minecraft:iron_chestplate":1,"minecraft:stick":40,"minecraft:iron_ingot":4,"minecraft:iron_pickaxe":1,"minecraft:oak_stairs":56,"minecraft:wooden_axe":2,"minecraft:iron_leggings":1},"minecraft:custom":{"minecraft:mob_kills":68,"minecraft:interact_with_crafting_table":44,"minecraft:open_barrel":1,"minecraft:bell_ring":6,"minecraft:leave_game":2,"minecraft:time_since_death":8315,"minecraft:climb_one_cm":5097,"minecraft:sprint_one_cm":966826,"minecraft:walk_one_cm":660885,"minecraft:drop":145,"minecraft:talked_to_villager":7,"minecraft:play_time":390627,"minecraft:deaths":14,"minecraft:sneak_time":29439,"minecraft:walk_under_water_one_cm":75598,"minecraft:boat_one_cm":311350,"minecraft:jump":5852,"minecraft:walk_on_water_one_cm":92205,"minecraft:total_world_time":390627,"minecraft:interact_with_furnace":113,"minecraft:sleep_in_bed":12,"minecraft:time_since_rest":8337,"minecraft:waystone_activated":1,"minecraft:damage_taken":5514,"minecraft:trigger_trapped_chest":3,"minecraft:damage_dealt":11392,"minecraft:swim_one_cm":261881,"minecraft:fly_one_cm":1246783,"minecraft:player_kills":2,"minecraft:open_chest":99,"minecraft:crouch_one_cm":87526,"minecraft:fall_one_cm":136424,"minecraft:horse_one_cm":2809},"minecraft:mined":{"minecraft:spruce_planks":2,"iceandfire:silver_ore":2,"minecraft:dark_oak_fence":1,"minecraft:grass_block":70,"minecraft:birch_slab":4,"minecraft:spruce_leaves":4,"minecraft:kelp":2,"minecraft:tall_seagrass":4,"minecraft:furnace":4,"minecraft:barrel":2,"minecraft:iron_ore":4,"minecraft:peony":21,"minecraft:oak_stairs":5,"minecraft:potatoes":6,"minecraft:vine":3,"minecraft:iron_bars":2,"minecraft:lantern":5,"minecraft:packed_ice":13,"minecraft:stone":90,"minecraft:redstone_wall_torch":1,"minecraft:light_gray_carpet":3,"minecraft:kelp_plant":6,"minecraft:red_bed":4,"minecraft:crafting_table":10,"minecraft:torch":2,"minecraft:chest":14,"minecraft:rose_bush":2,"minecraft:tall_grass":14,"minecraft:cobblestone":5,"minecraft:oak_planks":102,"minecraft:lily_pad":17,"minecraft:sugar_cane":15,"minecraft:skeleton_skull":1,"minecraft:seagrass":10,"minecraft:birch_planks":6,"minecraft:birch_log":13,"minecraft:ice":12,"minecraft:white_carpet":9,"minecraft:spruce_log":24,"minecraft:birch_leaves":27,"minecraft:grass":91,"minecraft:oak_log":216,"minecraft:coal_ore":13,"minecraft:gravel":1,"minecraft:dirt":173,"minecraft:oak_leaves":76},"minecraft:killed_by":{"minecraft:player":2,"minecraft:stray":1,"minecraft:creeper":1,"minecraft:pillager":1,"iceandfire:ghost":3,"iceandfire:fire_dragon":2},"minecraft:picked_up":{"minecraft:wooden_axe":2,"minecraft:crafting_table":14,"minecraft:wheat":3,"minecraft:chicken":3,"minecraft:wooden_pickaxe":5,"minecraft:oak_stairs":29,"minecraft:enchanted_book":2,"minecraft:chain":2,"iceandfire:manuscript":9,"minecraft:string":6,"minecraft:red_bed":3,"minecraft:iron_axe":4,"minecraft:cooked_salmon":3,"minecraft:wooden_sword":1,"minecraft:iron_leggings":5,"minecraft:white_carpet":9,"minecraft:gold_nugget":126,"minecraft:bucket":5,"minecraft:spruce_planks":12,"minecraft:beef":12,"waystones:return_scroll":1,"minecraft:oak_boat":5,"minecraft:rose_bush":1,"minecraft:redstone_torch":2,"minecraft:iron_pickaxe":1,"minecraft:spruce_slab":1,"minecraft:sugar_cane":32,"minecraft:chest":14,"minecraft:egg":2,"minecraft:furnace":8,"minecraft:tipped_arrow":2,"minecraft:stick":14,"minecraft:raw_iron":4,"minecraft:oak_fence":12,"minecraft:torch":5,"minecraft:spruce_fence":2,"minecraft:porkchop":24,"minecraft:goat_horn":7,"minecraft:cooked_cod":5,"iceandfire:silver_ingot":1,"minecraft:arrow":15,"minecraft:rotten_flesh":29,"minecraft:beetroot_seeds":21,"minecraft:peony":19,"minecraft:gold_ingot":25,"minecraft:obsidian":1,"minecraft:skeleton_skull":1,"alexsmobs:lobster_tail":3,"minecraft:mutton":12,"minecraft:iron_bars":2,"minecraft:snowball":16,"minecraft:white_wool":8,"minecraft:cobblestone":120,"minecraft:birch_log":25,"minecraft:feather":3,"minecraft:water_bucket":2,"minecraft:birch_slab":4,"minecraft:salmon":6,"minecraft:leather":7,"minecraft:birch_planks":42,"minecraft:potato":15,"minecraft:filled_map":3,"alexsmobs:cachalot_whale_tooth":2,"minecraft:lily_pad":38,"minecraft:oak_log":342,"iceandfire:ectoplasm":2,"minecraft:gunpowder":2,"minecraft:wooden_hoe":1,"minecraft:lantern":5,"minecraft:map":1,"minecraft:dirt":497,"minecraft:bone":18,"minecraft:apple":3,"minecraft:kelp":31,"minecraft:bow":1,"minecraft:wheat_seeds":8,"minecraft:rabbit_hide":14,"minecraft:iron_ingot":38,"minecraft:cooked_chicken":1,"minecraft:cobweb":14,"minecraft:rabbit":4,"minecraft:oak_planks":589,"minecraft:book":1,"minecraft:pumpkin":7,"minecraft:cooked_porkchop":3,"minecraft:gravel":2,"minecraft:spruce_sapling":3,"minecraft:ink_sac":13,"minecraft:grass_block":3,"minecraft:spruce_log":23,"minecraft:barrel":2,"alexsmobs:animal_dictionary":2,"minecraft:dark_oak_log":8,"minecraft:stone_axe":3,"minecraft:spruce_boat":6,"minecraft:iron_helmet":3,"minecraft:bone_meal":1,"minecraft:emerald":2,"minecraft:bread":4,"minecraft:oak_sapling":12,"minecraft:light_gray_carpet":3,"minecraft:coal":45,"minecraft:dark_oak_fence":1,"iceandfire:raw_silver":1,"minecraft:ender_pearl":1},"minecraft:dropped":{"minecraft:water_bucket":1,"minecraft:iron_ingot":3,"minecraft:porkchop":2,"minecraft:wheat_seeds":4,"minecraft:baked_potato":4,"minecraft:cooked_porkchop":3,"minecraft:cobblestone":12,"minecraft:lantern":1,"minecraft:dirt":86,"minecraft:ink_sac":8,"minecraft:dark_oak_fence":1,"minecraft:torch":1,"minecraft:pumpkin":7,"minecraft:iron_axe":2,"minecraft:goat_horn":2,"alexsmobs:animal_dictionary":1,"minecraft:rotten_flesh":3,"minecraft:salmon":4,"minecraft:rabbit_hide":5,"minecraft:spruce_boat":1,"minecraft:bow":1,"minecraft:wooden_pickaxe":1},"minecraft:broken":{"minecraft:wooden_pickaxe":2,"minecraft:iron_axe":1,"minecraft:wooden_axe":2},"minecraft:used":{"minecraft:oak_fence":9,"minecraft:peony":18,"minecraft:spruce_slab":1,"minecraft:chest":2,"minecraft:spruce_planks":15,"minecraft:cooked_salmon":3,"minecraft:rotten_flesh":27,"minecraft:torch":2,"minecraft:dirt":236,"minecraft:mutton":3,"minecraft:carrot":3,"minecraft:snowball":16,"minecraft:spruce_fence":1,"minecraft:spruce_boat":6,"minecraft:dark_oak_planks":14,"minecraft:wooden_axe":85,"minecraft:oak_stairs":33,"minecraft:lantern":4,"minecraft:iron_axe":379,"minecraft:grass_block":2,"minecraft:iron_helmet":1,"minecraft:beef":2,"minecraft:bow":1,"minecraft:oak_sapling":5,"minecraft:furnace":6,"minecraft:goat_horn":11,"minecraft:cooked_beef":2,"minecraft:potato":10,"minecraft:iron_leggings":1,"minecraft:golden_axe":32,"minecraft:cooked_mutton":2,"minecraft:water_bucket":40,"minecraft:oak_planks":751,"minecraft:rabbit":2,"minecraft:birch_planks":19,"minecraft:baked_potato":4,"minecraft:stone_pickaxe":57,"minecraft:ender_pearl":1,"minecraft:wooden_pickaxe":145,"minecraft:white_wool":5,"minecraft:salmon":2,"minecraft:crafting_table":12,"minecraft:red_bed":2,"minecraft:redstone_torch":1,"minecraft:wooden_hoe":10,"minecraft:apple":2,"minecraft:birch_slab":11,"minecraft:chicken":3,"minecraft:bread":2,"minecraft:map":1,"minecraft:leather_helmet":1,"minecraft:spruce_sapling":1,"minecraft:stone_axe":115,"minecraft:wooden_sword":16,"minecraft:cobblestone":20,"minecraft:porkchop":1,"minecraft:cooked_porkchop":13,"minecraft:bucket":40,"minecraft:cooked_rabbit":2,"minecraft:oak_boat":3,"alexsmobs:animal_dictionary":1}},"DataVersion":3465}