{"stats":{"minecraft:custom":{"minecraft:interact_with_furnace":9,"minecraft:mob_kills":9,"minecraft:interact_with_crafting_table":19,"minecraft:leave_game":4,"minecraft:time_since_death":74023,"minecraft:sleep_in_bed":3,"minecraft:time_since_rest":8144,"minecraft:sprint_one_cm":105666,"minecraft:damage_taken":635,"minecraft:walk_one_cm":339643,"minecraft:drop":4,"minecraft:damage_dealt":1168,"minecraft:swim_one_cm":2582,"minecraft:fly_one_cm":19168,"minecraft:open_chest":12,"minecraft:crouch_one_cm":1237,"minecraft:play_time":74023,"minecraft:sneak_time":242,"minecraft:walk_under_water_one_cm":4839,"minecraft:boat_one_cm":94776,"minecraft:jump":689,"minecraft:walk_on_water_one_cm":3657,"minecraft:total_world_time":74023,"minecraft:fall_one_cm":14391},"minecraft:crafted":{"minecraft:cooked_beef":7,"minecraft:wooden_sword":1,"minecraft:oak_planks":120,"minecraft:crafting_table":1,"minecraft:spruce_planks":76,"comforts:sleeping_bag_white":1,"minecraft:wooden_pickaxe":1,"minecraft:cobblestone_stairs":36,"minecraft:birch_planks":28,"minecraft:stone_axe":1,"minecraft:stick":12,"minecraft:stone_pickaxe":1,"minecraft:wooden_axe":1,"minecraft:stone_sword":1,"minecraft:chest":2,"minecraft:birch_door":5,"minecraft:torch":4,"minecraft:birch_sign":3},"minecraft:mined":{"minecraft:dark_oak_planks":2,"minecraft:spruce_planks":9,"minecraft:cobblestone_stairs":17,"minecraft:crafting_table":4,"minecraft:torch":3,"minecraft:grass_block":8,"minecraft:cobblestone":5,"minecraft:spruce_leaves":7,"minecraft:oak_planks":61,"minecraft:wall_torch":1,"minecraft:blue_bed":2,"minecraft:furnace":3,"minecraft:carrots":2,"minecraft:birch_log":7,"minecraft:spruce_log":19,"minecraft:birch_door":2,"minecraft:birch_leaves":2,"minecraft:stripped_spruce_log":1,"minecraft:grass":19,"minecraft:coal_ore":9,"minecraft:oak_log":30,"minecraft:dirt":2,"minecraft:packed_ice":1,"minecraft:stone":91,"minecraft:oak_leaves":30,"minecraft:fern":1},"minecraft:broken":{"minecraft:wooden_sword":1,"minecraft:wooden_pickaxe":1},"minecraft:dropped":{"minecraft:baked_potato":1,"minecraft:rotten_flesh":1,"minecraft:stick":1,"minecraft:wooden_axe":1},"minecraft:killed":{"minecraft:sheep":4,"minecraft:skeleton":1,"minecraft:cow":4},"minecraft:used":{"minecraft:stone_sword":41,"minecraft:cobblestone_stairs":40,"minecraft:birch_planks":6,"minecraft:stone_pickaxe":114,"minecraft:oak_planks":167,"minecraft:chest":2,"minecraft:spruce_planks":61,"minecraft:wooden_pickaxe":51,"minecraft:blue_bed":2,"minecraft:torch":8,"minecraft:dirt":3,"minecraft:crafting_table":5,"minecraft:carrot":6,"minecraft:birch_door":4,"minecraft:dark_oak_planks":12,"minecraft:wooden_axe":25,"minecraft:map":1,"minecraft:stone_axe":125,"minecraft:wooden_sword":60,"minecraft:cobblestone":31,"minecraft:furnace":3,"alexsmobs:animal_dictionary":1,"minecraft:cooked_beef":5},"minecraft:picked_up":{"minecraft:birch_log":7,"minecraft:birch_door":2,"minecraft:crafting_table":4,"minecraft:leather":1,"minecraft:wooden_pickaxe":1,"minecraft:oak_log":30,"minecraft:cobblestone_stairs":14,"minecraft:string":1,"minecraft:map":1,"minecraft:blue_bed":2,"minecraft:dirt":7,"minecraft:compass":1,"minecraft:bone":2,"minecraft:bow":1,"minecraft:spruce_planks":7,"minecraft:beef":7,"minecraft:light_gray_wool":1,"minecraft:sugar_cane":3,"minecraft:oak_planks":58,"minecraft:birch_sapling":1,"minecraft:furnace":3,"minecraft:stick":6,"minecraft:torch":4,"minecraft:spruce_stairs":1,"minecraft:stripped_spruce_log":2,"minecraft:spruce_log":19,"minecraft:carrot":4,"alexsmobs:animal_dictionary":1,"minecraft:dark_oak_planks":20,"minecraft:arrow":2,"minecraft:rotten_flesh":2,"minecraft:iron_helmet":1,"minecraft:baked_potato":1,"minecraft:oak_sapling":2,"minecraft:coal":14,"minecraft:mutton":6,"minecraft:white_wool":3,"minecraft:cobblestone":94}},"DataVersion":3465}