{"stats":{"minecraft:picked_up":{"minecraft:crafting_table":4,"minecraft:birch_door":8,"minecraft:chicken":2,"minecraft:wooden_pickaxe":1,"minecraft:string":66,"minecraft:compass":2,"comforts:sleeping_bag_white":1,"minecraft:spruce_planks":8,"minecraft:beef":7,"minecraft:light_gray_wool":1,"minecraft:sugar_cane":6,"minecraft:birch_sapling":3,"minecraft:furnace":3,"minecraft:stick":11,"minecraft:torch":5,"minecraft:spruce_stairs":2,"minecraft:carrot":69,"minecraft:dark_oak_planks":20,"minecraft:stone_sword":2,"minecraft:arrow":5,"minecraft:rotten_flesh":4,"minecraft:mutton":6,"minecraft:white_wool":3,"minecraft:rail":1,"minecraft:cobblestone":288,"minecraft:birch_log":15,"minecraft:cooked_beef":1,"minecraft:leather":1,"minecraft:birch_planks":9,"minecraft:flint":12,"minecraft:oak_log":30,"minecraft:cobblestone_stairs":33,"minecraft:map":1,"minecraft:dirt":116,"minecraft:blue_bed":2,"minecraft:glass":16,"minecraft:bone":3,"minecraft:bow":3,"minecraft:wheat_seeds":3,"minecraft:iron_ingot":77,"minecraft:powered_rail":1,"minecraft:oak_planks":76,"minecraft:dandelion":3,"minecraft:gravel":91,"minecraft:stripped_spruce_log":2,"minecraft:spruce_log":19,"alexsmobs:animal_dictionary":3,"minecraft:stone_axe":1,"minecraft:iron_helmet":2,"minecraft:birch_sign":6,"minecraft:baked_potato":52,"minecraft:oak_sapling":4,"minecraft:coal":27},"minecraft:crafted":{"minecraft:wooden_sword":1,"minecraft:oak_planks":224,"minecraft:stone_shovel":1,"comforts:sleeping_bag_white":1,"minecraft:cobblestone_stairs":80,"minecraft:iron_boots":2,"minecraft:stone_pickaxe":1,"minecraft:chest":2,"minecraft:birch_door":8,"minecraft:oak_fence":6,"minecraft:birch_sign":3,"minecraft:cooked_beef":7,"minecraft:crafting_table":1,"minecraft:spruce_planks":76,"minecraft:iron_helmet":1,"minecraft:wooden_pickaxe":1,"minecraft:iron_sword":2,"minecraft:bucket":1,"minecraft:birch_planks":104,"minecraft:stone_axe":1,"minecraft:oak_fence_gate":1,"minecraft:iron_chestplate":2,"minecraft:birch_fence":18,"minecraft:stick":76,"minecraft:iron_pickaxe":1,"minecraft:wooden_axe":1,"minecraft:stone_sword":1,"minecraft:iron_leggings":2,"minecraft:torch":4},"minecraft:killed":{"minecraft:spider":1,"minecraft:skeleton":3,"minecraft:sheep":4,"minecraft:cow":4},"minecraft:used":{"minecraft:oak_fence":5,"minecraft:stone_sword":43,"minecraft:stone_shovel":131,"minecraft:spruce_planks":61,"minecraft:chest":2,"minecraft:iron_sword":46,"minecraft:torch":9,"minecraft:dirt":111,"minecraft:carrot":36,"minecraft:oak_fence_gate":1,"minecraft:birch_door":13,"minecraft:glass":5,"minecraft:dark_oak_planks":12,"minecraft:wooden_axe":25,"minecraft:bow":2,"minecraft:furnace":3,"comforts:sleeping_bag_white":1,"minecraft:cooked_beef":5,"minecraft:water_bucket":5,"minecraft:cobblestone_stairs":85,"minecraft:birch_planks":52,"minecraft:stone_pickaxe":122,"minecraft:powered_rail":1,"minecraft:baked_potato":2,"minecraft:oak_planks":167,"minecraft:wooden_pickaxe":51,"minecraft:blue_bed":2,"minecraft:rail":1,"minecraft:crafting_table":5,"minecraft:birch_sign":6,"minecraft:birch_fence":18,"minecraft:iron_pickaxe":9,"minecraft:map":1,"minecraft:gravel":33,"minecraft:stone_axe":134,"iceandfire:silver_hoe":37,"minecraft:wooden_sword":60,"minecraft:cobblestone":86,"minecraft:bucket":5,"alexsmobs:animal_dictionary":1,"minecraft:dandelion":3},"minecraft:broken":{"minecraft:wooden_pickaxe":1,"minecraft:wooden_sword":1,"minecraft:stone_shovel":1},"minecraft:killed_by":{"minecraft:player":1},"minecraft:dropped":{"minecraft:iron_sword":1,"minecraft:baked_potato":1,"minecraft:iron_helmet":1,"minecraft:stick":1,"minecraft:cobblestone_stairs":4,"minecraft:dirt":1,"minecraft:wooden_axe":1,"minecraft:iron_leggings":1,"minecraft:stone_axe":1,"minecraft:rotten_flesh":1,"minecraft:iron_boots":1,"minecraft:carrot":1,"minecraft:iron_chestplate":1},"minecraft:mined":{"minecraft:dark_oak_planks":2,"minecraft:spruce_planks":9,"minecraft:farmland":7,"minecraft:cobblestone_stairs":22,"minecraft:grass_block":48,"minecraft:spruce_leaves":7,"minecraft:furnace":3,"minecraft:carrots":2,"minecraft:stripped_spruce_log":1,"minecraft:vine":1,"minecraft:birch_wall_sign":1,"minecraft:packed_ice":1,"minecraft:stone":91,"minecraft:dandelion":3,"minecraft:crafting_table":4,"minecraft:torch":3,"minecraft:cobblestone":8,"minecraft:oak_planks":61,"minecraft:wall_torch":3,"minecraft:blue_bed":2,"minecraft:birch_planks":5,"minecraft:birch_log":7,"minecraft:spruce_log":19,"minecraft:birch_leaves":2,"minecraft:birch_door":4,"minecraft:tnt":10,"minecraft:grass":28,"minecraft:coal_ore":9,"minecraft:oak_log":30,"minecraft:gravel":77,"minecraft:dirt":70,"minecraft:birch_sign":2,"minecraft:oak_leaves":34,"minecraft:fern":1},"minecraft:custom":{"minecraft:mob_kills":12,"minecraft:interact_with_crafting_table":42,"minecraft:leave_game":4,"minecraft:time_since_death":70744,"minecraft:climb_one_cm":194,"minecraft:sprint_one_cm":309678,"minecraft:walk_one_cm":791265,"minecraft:drop":13,"minecraft:play_time":153752,"minecraft:deaths":1,"minecraft:sneak_time":849,"minecraft:walk_under_water_one_cm":5758,"minecraft:boat_one_cm":94776,"minecraft:jump":1320,"minecraft:walk_on_water_one_cm":12828,"minecraft:total_world_time":153752,"minecraft:interact_with_furnace":10,"minecraft:sleep_in_bed":4,"minecraft:time_since_rest":50524,"minecraft:damage_taken":1087,"minecraft:damage_dealt":1950,"minecraft:player_kills":1,"minecraft:swim_one_cm":2582,"minecraft:fly_one_cm":42027,"minecraft:open_chest":52,"minecraft:crouch_one_cm":3331,"minecraft:fall_one_cm":22211}},"DataVersion":3465}