{"stats":{"minecraft:picked_up":{"minecraft:wooden_axe":4,"iceandfire:dread_stone_bricks":7,"minecraft:iron_chestplate":3,"minecraft:oak_stairs":7,"minecraft:wither_rose":6,"minecraft:enchanted_book":2,"minecraft:golden_shovel":5,"iceandfire:manuscript":24,"minecraft:string":150,"iceandfire:dragonbone_pickaxe":1,"minecraft:soul_soil":57,"minecraft:cooked_salmon":23,"minecraft:shroomlight":2,"minecraft:gold_nugget":340,"minecraft:cobbled_deepslate":1973,"minecraft:spruce_planks":62,"iceandfire:dread_torch":9,"minecraft:lightning_rod":6,"minecraft:rabbit_foot":1,"iceandfire:armor_silver_metal_boots":3,"minecraft:stone_sword":3,"minecraft:blaze_rod":8,"minecraft:iron_bars":27,"minecraft:snowball":298,"alexsmobs:lobster_tail":9,"minecraft:birch_log":12,"iceandfire:sapphire_gem":9,"minecraft:feather":32,"minecraft:cooked_beef":1,"minecraft:birch_slab":10,"minecraft:water_bucket":4,"alexsmobs:bison_fur":1,"minecraft:flint":21,"minecraft:map":4,"minecraft:lantern":8,"minecraft:glowstone_dust":39,"minecraft:stripped_spruce_log":6,"iceandfire:stymphalian_bird_feather":2,"minecraft:ink_sac":34,"alexsmobs:animal_dictionary":11,"minecraft:granite":48,"iceandfire:dragonbone_bow":1,"minecraft:golden_horse_armor":1,"minecraft:bread":6,"alexsmobs:maggot":28,"minecraft:light_gray_carpet":3,"minecraft:crimson_roots":1,"iceandfire:raw_silver":53,"minecraft:diamond_pickaxe":4,"minecraft:crafting_table":28,"iceandfire:witherbone":32,"minecraft:nether_wart":22,"iceandfire:dragonbone_arrow":4,"alexsmobs:froststalker_horn":2,"minecraft:cornflower":19,"minecraft:red_bed":2,"minecraft:flint_and_steel":1,"minecraft:compass":4,"minecraft:iron_shovel":5,"minecraft:glass_pane":65,"minecraft:cracked_stone_bricks":2,"iceandfire:graveyard_soil":3,"iceandfire:bestiary":8,"minecraft:beef":25,"iceandfire:dread_shard":50,"minecraft:iron_nugget":34,"minecraft:poppy":23,"minecraft:spruce_slab":2,"minecraft:minecart":3,"minecraft:chest":6,"alexsmobs:cooked_lobster_tail":3,"minecraft:egg":46,"minecraft:oak_door":3,"minecraft:spruce_fence":2,"minecraft:fire_charge":5,"iceandfire:armor_copper_metal_boots":2,"minecraft:carrot":415,"minecraft:redstone":170,"iceandfire:dragon_skull_ice":11,"minecraft:tnt":2,"minecraft:stone_shovel":4,"minecraft:cooked_cod":18,"minecraft:peony":11,"minecraft:hay_block":1,"minecraft:gold_ingot":60,"minecraft:glow_berries":4,"minecraft:mutton":4,"minecraft:bone_block":72,"minecraft:white_wool":5,"minecraft:rail":300,"minecraft:filled_map":7,"minecraft:oak_log":315,"minecraft:lily_pad":5,"iceandfire:armor_copper_metal_helmet":1,"minecraft:blue_bed":1,"minecraft:paper":24,"minecraft:white_banner":3,"minecraft:stone_bricks":14,"minecraft:apple":5,"minecraft:kelp":2,"minecraft:warped_stem":2,"minecraft:oak_fence_gate":3,"minecraft:stone_pickaxe":3,"minecraft:cobweb":5,"minecraft:glass_bottle":2,"minecraft:iron_sword":4,"iceandfire:dragonbone_sword":11,"minecraft:gravel":305,"minecraft:spruce_sapling":7,"minecraft:spruce_log":26,"minecraft:crying_obsidian":2,"iceandfire:dragon_flute":2,"minecraft:slime_ball":7,"minecraft:stone_axe":3,"minecraft:oak_button":4,"minecraft:baked_potato":199,"minecraft:pink_dye":2,"minecraft:ender_pearl":5,"minecraft:wheat":38,"iceandfire:armor_copper_metal_chestplate":5,"minecraft:stone_brick_stairs":4,"iceandfire:armor_silver_metal_chestplate":2,"minecraft:raw_copper":177,"minecraft:iron_leggings":4,"minecraft:activator_rail":3,"comforts:sleeping_bag_white":2,"minecraft:bucket":2,"iceandfire:frost_lily":5,"minecraft:red_dye":1,"waystones:return_scroll":17,"minecraft:rose_bush":1,"minecraft:redstone_torch":59,"minecraft:cobblestone_slab":6,"iceandfire:wither_shard":2,"minecraft:wooden_shovel":2,"minecraft:iron_pickaxe":7,"minecraft:furnace":6,"minecraft:iron_boots":6,"minecraft:tipped_arrow":3,"minecraft:stick":76,"iceandfire:ghost_chest":5,"iceandfire:armor_copper_metal_leggings":1,"minecraft:oak_fence":99,"minecraft:torch":222,"minecraft:spruce_stairs":2,"minecraft:porkchop":31,"minecraft:snow_block":5,"minecraft:dried_kelp":3,"iceandfire:rotten_egg":1,"minecraft:diorite":35,"minecraft:rotten_flesh":195,"minecraft:obsidian":43,"minecraft:cod":3,"minecraft:cobblestone":2260,"iceandfire:stymphalian_bird_dagger":1,"minecraft:andesite":58,"minecraft:potato":161,"minecraft:tuff":333,"minecraft:lapis_lazuli":94,"minecraft:dirt":2180,"minecraft:name_tag":1,"minecraft:glass":67,"minecraft:bone":197,"minecraft:bow":16,"minecraft:wheat_seeds":184,"minecraft:cobbled_deepslate_wall":29,"minecraft:raw_gold":67,"minecraft:cobbled_deepslate_slab":12,"minecraft:bell":1,"minecraft:powered_rail":41,"minecraft:oak_planks":1059,"minecraft:cooked_porkchop":12,"iceandfire:copper_axe":2,"minecraft:oak_pressure_plate":1,"minecraft:sand":444,"minecraft:grass_block":2,"minecraft:mossy_cobblestone":1,"minecraft:diamond":58,"minecraft:spruce_boat":6,"iceandfire:dread_stone_bricks_mossy":3,"minecraft:crossbow":11,"minecraft:bone_meal":2,"minecraft:golden_apple":5,"alexsmobs:moose_ribs":2,"minecraft:emerald":8,"minecraft:oak_sapling":37,"minecraft:netherrack":780,"minecraft:chicken":17,"minecraft:ladder":6,"minecraft:chest_minecart":3,"minecraft:wooden_pickaxe":7,"minecraft:cooked_rabbit":1,"minecraft:gold_block":3,"minecraft:chain":12,"minecraft:shield":7,"minecraft:iron_axe":9,"minecraft:wooden_sword":6,"minecraft:blackstone":26,"minecraft:blue_orchid":24,"minecraft:oak_boat":17,"minecraft:light_gray_wool":4,"minecraft:lectern":3,"minecraft:sugar_cane":167,"minecraft:phantom_membrane":2,"minecraft:raw_iron":362,"iceandfire:dragonbone":163,"iceandfire:troll_tusk":6,"minecraft:copper_ingot":9,"iceandfire:chared_grass":1,"alexsmobs:crocodile_scute":4,"minecraft:dark_oak_planks":20,"minecraft:arrow":239,"iceandfire:silver_ingot":31,"minecraft:weeping_vines":1,"minecraft:pumpkin_pie":22,"minecraft:golden_hoe":3,"minecraft:nether_bricks":3,"minecraft:saddle":4,"alexsmobs:ghostly_pickaxe":1,"minecraft:skeleton_skull":12,"minecraft:purple_dye":2,"minecraft:basalt":41,"minecraft:glow_ink_sac":17,"minecraft:crimson_stem":4,"minecraft:salmon":16,"minecraft:leather":9,"minecraft:birch_planks":55,"alexsmobs:cachalot_whale_tooth":21,"minecraft:cobblestone_wall":19,"minecraft:chainmail_chestplate":4,"iceandfire:ectoplasm":17,"iceandfire:dread_stone_bricks_cracked":5,"minecraft:nether_wart_block":6,"minecraft:gunpowder":9,"minecraft:cobblestone_stairs":44,"minecraft:cooked_mutton":4,"iceandfire:armor_silver_metal_helmet":3,"iceandfire:dragon_stick":2,"minecraft:rabbit_hide":5,"minecraft:iron_ingot":191,"minecraft:soul_sand":28,"minecraft:book":3,"minecraft:oak_slab":34,"minecraft:warped_fungus":3,"minecraft:pumpkin":28,"minecraft:birch_boat":42,"minecraft:chiseled_stone_bricks":1,"iceandfire:ash":1,"minecraft:quartz":87,"minecraft:dandelion":1,"minecraft:raw_iron_block":2,"minecraft:white_bed":6,"minecraft:spruce_door":3,"minecraft:spider_eye":17,"alexsmobs:raw_catfish":6,"minecraft:pumpkin_seeds":2,"minecraft:chainmail_leggings":2,"minecraft:iron_helmet":3,"minecraft:coal":538},"minecraft:crafted":{"minecraft:oak_pressure_plate":1,"waystones:waystone":1,"minecraft:bookshelf":2,"iceandfire:armor_silver_metal_chestplate":1,"iceandfire:copper_axe":1,"iceandfire:armor_copper_metal_chestplate":2,"iceandfire:dragonbone_arrow":35,"minecraft:glass_bottle":6,"minecraft:cooked_porkchop":11,"waystones:return_scroll":17,"minecraft:copper_ingot":64,"minecraft:cobbled_deepslate_wall":102,"iceandfire:wither_shard":9,"waystones:warp_stone":1,"minecraft:lectern":2,"minecraft:iron_pickaxe":5,"minecraft:gold_ingot":44,"minecraft:stone_shovel":3,"minecraft:iron_nugget":81,"iceandfire:armor_copper_metal_leggings":1,"iceandfire:dragon_flute":1,"minecraft:bone_meal":87,"minecraft:pink_dye":2,"iceandfire:armor_copper_metal_helmet":2,"minecraft:lantern":10,"minecraft:stone_pickaxe":10,"iceandfire:armor_silver_metal_boots":1,"iceandfire:dragonbone_sword":4,"minecraft:oak_fence_gate":4,"minecraft:golden_apple":7,"minecraft:wooden_axe":1,"minecraft:oak_stairs":16,"minecraft:iron_shovel":6,"minecraft:iron_leggings":1,"minecraft:oak_planks":432,"minecraft:cobblestone_slab":150,"minecraft:lightning_rod":4,"minecraft:cobblestone_stairs":112,"iceandfire:armor_copper_metal_boots":2,"minecraft:warped_planks":4,"minecraft:chest":11,"iceandfire:dread_torch":4,"minecraft:oak_fence":18,"minecraft:oak_slab":6,"minecraft:arrow":128,"minecraft:crafting_table":18,"minecraft:spruce_planks":106,"minecraft:baked_potato":117,"minecraft:wooden_pickaxe":2,"iceandfire:dragonbone_bow":1,"minecraft:iron_chestplate":1,"minecraft:paper":42,"minecraft:diamond_pickaxe":6,"minecraft:purple_dye":9,"minecraft:shield":4,"minecraft:stick":254,"minecraft:iron_ingot":241,"minecraft:stone_sword":2,"minecraft:snow_block":12,"minecraft:redstone_torch":40,"minecraft:wooden_sword":3,"minecraft:cobbled_deepslate_slab":252,"minecraft:raw_iron":18,"iceandfire:dragon_stick":1,"minecraft:furnace":7,"minecraft:glass_pane":80,"minecraft:iron_axe":10,"minecraft:iron_hoe":1,"minecraft:cobblestone_wall":12,"minecraft:minecart":1,"minecraft:cooked_beef":3,"minecraft:red_dye":8,"minecraft:cooked_cod":5,"iceandfire:silver_ingot":24,"alexsmobs:cooked_lobster_tail":3,"minecraft:powered_rail":12,"minecraft:iron_sword":1,"minecraft:cooked_salmon":9,"minecraft:bucket":2,"minecraft:stone_axe":6,"minecraft:air":0,"iceandfire:dragonbone_pickaxe":1,"minecraft:blue_dye":6,"minecraft:oak_boat":2,"iceandfire:armor_silver_metal_helmet":1,"iceandfire:stymphalian_bird_dagger":1,"minecraft:torch":240},"minecraft:killed":{"alexsmobs:lobster":4,"minecraft:cave_spider":1,"minecraft:cod":2,"iceandfire:stymphalian_bird":2,"minecraft:skeleton":89,"minecraft:chicken":11,"iceandfire:dread_scuttler":1,"minecraft:magma_cube":32,"minecraft:salmon":4,"alexsmobs:seal":1,"minecraft:pillager":12,"minecraft:zombie":148,"iceandfire:dread_ghoul":5,"minecraft:cow":9,"minecraft:vindicator":1,"iceandfire:dread_beast":1,"alexsmobs:seagull":9,"iceandfire:dread_knight":3,"alexsmobs:underminer":1,"alexsmobs:catfish":1,"alexsmobs:crocodile":1,"iceandfire:ghost":72,"minecraft:enderman":8,"minecraft:spider":35,"alexsmobs:froststalker":1,"minecraft:silverfish":2,"minecraft:piglin":5,"minecraft:pig":9,"minecraft:zombie_villager":1,"minecraft:creeper":10,"alexsmobs:crimson_mosquito":2,"minecraft:sheep":3,"minecraft:stray":1,"minecraft:ghast":1,"alexsmobs:fly":8,"minecraft:blaze":10,"minecraft:slime":5,"minecraft:phantom":3,"iceandfire:dread_thrall":10,"alexsmobs:bison":1,"minecraft:drowned":1,"iceandfire:troll":1,"minecraft:bat":1,"alexsmobs:cockroach":3,"alexsmobs:moose":1,"alexsmobs:crow":1,"minecraft:wither_skeleton":25},"minecraft:used":{"iceandfire:lectern":1,"minecraft:peony":4,"minecraft:poppy":5,"iceandfire:dragon_skull_ice":4,"minecraft:chest":12,"minecraft:rotten_flesh":9,"minecraft:snowball":75,"minecraft:spruce_boat":5,"minecraft:lava_bucket":6,"iceandfire:ghost_chest":1,"minecraft:stone_brick_stairs":4,"minecraft:bow":49,"minecraft:furnace":10,"minecraft:oak_sapling":34,"minecraft:cooked_cod":6,"minecraft:egg":3,"minecraft:potato":49,"minecraft:diorite":8,"minecraft:spruce_door":1,"minecraft:powered_rail":43,"minecraft:blackstone":3,"minecraft:wooden_pickaxe":109,"iceandfire:dread_stone_bricks":7,"iceandfire:stymphalian_bird_dagger":438,"iceandfire:armor_silver_metal_boots":1,"minecraft:sand":33,"minecraft:lightning_rod":9,"minecraft:lectern":3,"minecraft:wooden_sword":72,"minecraft:oak_boat":15,"minecraft:stone_sword":255,"minecraft:cooked_salmon":6,"minecraft:netherrack":344,"minecraft:torch":345,"minecraft:oak_fence_gate":4,"minecraft:iron_axe":1423,"iceandfire:copper_axe":93,"alexsmobs:ghostly_pickaxe":4,"minecraft:basalt":19,"minecraft:beef":1,"minecraft:cobbled_deepslate":168,"minecraft:wheat_seeds":41,"minecraft:water_bucket":52,"minecraft:salmon":1,"minecraft:rail":275,"minecraft:oak_slab":9,"minecraft:crafting_table":27,"minecraft:red_bed":1,"minecraft:white_bed":3,"minecraft:cod":4,"minecraft:spruce_log":1,"iceandfire:armor_silver_metal_chestplate":1,"minecraft:oak_log":54,"minecraft:diamond_pickaxe":4587,"minecraft:iron_pickaxe":992,"minecraft:chiseled_stone_bricks":1,"minecraft:cobblestone":950,"minecraft:cooked_porkchop":21,"minecraft:glass_pane":65,"iceandfire:dread_stone_bricks_cracked":1,"minecraft:iron_shovel":1168,"minecraft:shield":356,"minecraft:iron_sword":238,"minecraft:iron_chestplate":2,"minecraft:carrot":431,"minecraft:tuff":14,"minecraft:obsidian":14,"iceandfire:dread_torch":5,"alexsmobs:lobster_tail":2,"minecraft:lantern":15,"alexsmobs:cooked_lobster_tail":2,"minecraft:iron_helmet":1,"minecraft:stone_pickaxe":658,"minecraft:oak_planks":713,"minecraft:sugar_cane":22,"minecraft:crossbow":79,"minecraft:redstone_torch":23,"waystones:waystone":1,"iceandfire:dragonbone_sword":489,"iceandfire:armor_copper_metal_chestplate":1,"minecraft:bread":4,"minecraft:gravel":125,"minecraft:cooked_rabbit":1,"minecraft:chest_minecart":1,"minecraft:bone_meal":66,"minecraft:oak_fence":88,"minecraft:stone_shovel":526,"minecraft:spruce_planks":11,"minecraft:oak_door":3,"iceandfire:armor_copper_metal_boots":1,"minecraft:dirt":1620,"minecraft:cobblestone_wall":22,"minecraft:granite":10,"iceandfire:armor_silver_metal_helmet":1,"minecraft:wooden_axe":15,"alexsmobs:maggot":1,"minecraft:oak_stairs":19,"minecraft:minecart":2,"minecraft:cooked_beef":2,"iceandfire:dragonbone_pickaxe":171,"minecraft:iron_leggings":2,"minecraft:cobbled_deepslate_wall":130,"minecraft:cobblestone_stairs":147,"minecraft:baked_potato":181,"minecraft:birch_boat":36,"minecraft:cobblestone_slab":128,"iceandfire:dread_stone_bricks_mossy":2,"minecraft:activator_rail":1,"minecraft:apple":4,"minecraft:chicken":1,"minecraft:stone_axe":323,"minecraft:cobbled_deepslate_slab":264,"minecraft:bucket":60,"minecraft:pumpkin_pie":1,"alexsmobs:animal_dictionary":7},"minecraft:broken":{"minecraft:iron_leggings":1,"minecraft:diamond_pickaxe":2,"minecraft:wooden_sword":1,"minecraft:iron_sword":1,"iceandfire:armor_silver_metal_chestplate":1,"minecraft:stone_sword":2,"minecraft:wooden_pickaxe":1,"iceandfire:armor_silver_metal_helmet":1,"minecraft:shield":1,"minecraft:iron_axe":5,"minecraft:iron_pickaxe":3,"minecraft:iron_shovel":3,"minecraft:leather_leggings":1,"minecraft:stone_pickaxe":3,"minecraft:stone_axe":3,"iceandfire:armor_silver_metal_boots":1,"minecraft:stone_shovel":5,"iceandfire:armor_copper_metal_helmet":1,"iceandfire:armor_copper_metal_chestplate":1,"iceandfire:armor_copper_metal_boots":1},"minecraft:mined":{"minecraft:white_bed":1,"iceandfire:dread_torch":5,"minecraft:obsidian":21,"minecraft:granite":33,"minecraft:crimson_fungus":1,"minecraft:nether_wart":20,"minecraft:spawner":1,"minecraft:weeping_vines_plant":3,"minecraft:cobbled_deepslate":10,"minecraft:fire":30,"minecraft:pumpkin":22,"minecraft:oak_stairs":7,"minecraft:blue_orchid":12,"iceandfire:dread_stone_bricks_cracked":5,"minecraft:tripwire":1,"minecraft:crimson_nylium":12,"minecraft:soul_fire":7,"minecraft:torch":38,"minecraft:dead_bush":3,"minecraft:sugar_cane":27,"minecraft:skeleton_skull":3,"minecraft:wheat":39,"minecraft:warped_fungus":3,"minecraft:wither_rose":3,"minecraft:grass":133,"minecraft:oak_fence_gate":3,"minecraft:deepslate":1757,"iceandfire:silver_ore":37,"minecraft:mossy_cobblestone":1,"minecraft:nether_bricks":25,"minecraft:cobbled_deepslate_slab":16,"minecraft:crimson_roots":2,"iceandfire:deepslate_silver_ore":6,"minecraft:snow":64,"minecraft:andesite":35,"minecraft:potatoes":40,"minecraft:cobblestone_slab":7,"minecraft:vine":26,"minecraft:rail":275,"minecraft:warped_stem":2,"iceandfire:frost_lily":1,"minecraft:bone_block":42,"minecraft:oak_slab":1,"minecraft:glass_pane":3,"minecraft:soul_sand":33,"minecraft:dandelion":1,"minecraft:cobbled_deepslate_wall":27,"minecraft:cornflower":12,"minecraft:emerald_ore":5,"minecraft:lightning_rod":4,"minecraft:tall_grass":41,"minecraft:copper_ore":30,"minecraft:deepslate_gold_ore":44,"minecraft:diorite":27,"minecraft:cobblestone_wall":18,"minecraft:spruce_log":18,"minecraft:gravel":233,"minecraft:cobweb":60,"minecraft:stone_bricks":5,"minecraft:gold_ore":14,"minecraft:fern":2,"minecraft:infested_stone":1,"minecraft:spruce_planks":2,"iceandfire:graveyard_soil":1,"minecraft:cobblestone_stairs":46,"minecraft:grass_block":949,"iceandfire:dread_spawner":1,"minecraft:soul_soil":67,"minecraft:raw_iron_block":2,"minecraft:glowstone":4,"minecraft:iron_ore":184,"minecraft:iron_bars":9,"minecraft:deepslate_redstone_ore":39,"minecraft:blackstone":26,"minecraft:poppy":16,"iceandfire:ghost_chest":3,"minecraft:chest":7,"minecraft:nether_quartz_ore":87,"minecraft:cobblestone":66,"minecraft:oak_planks":303,"minecraft:wall_torch":44,"minecraft:powered_rail":35,"minecraft:nether_wart_block":3,"minecraft:activator_rail":1,"iceandfire:dread_stone_bricks_mossy":4,"minecraft:oak_log":294,"minecraft:sand":207,"minecraft:dirt":590,"minecraft:netherrack":972,"minecraft:oak_leaves":197,"iceandfire:dread_stone_bricks":9,"minecraft:nether_gold_ore":42,"minecraft:crying_obsidian":3,"minecraft:tuff":260,"minecraft:dark_oak_leaves":1,"minecraft:deepslate_diamond_ore":48,"minecraft:oak_door":3,"minecraft:glow_lichen":1,"minecraft:ladder":6,"minecraft:spruce_leaves":23,"minecraft:crimson_stem":5,"iceandfire:chared_grass":1,"minecraft:large_fern":5,"minecraft:furnace":4,"minecraft:carrots":80,"minecraft:stripped_spruce_log":4,"minecraft:peony":6,"minecraft:gold_block":3,"minecraft:bell":1,"minecraft:nether_brick_fence":2,"minecraft:deepslate_iron_ore":101,"minecraft:shroomlight":1,"minecraft:lantern":3,"minecraft:packed_ice":26,"minecraft:stone":1552,"minecraft:basalt":41,"minecraft:spruce_door":2,"minecraft:oak_fence":87,"minecraft:crafting_table":13,"minecraft:lectern":3,"minecraft:lapis_ore":11,"minecraft:blue_bed":1,"minecraft:birch_planks":1,"minecraft:redstone_torch":22,"minecraft:ice":50,"minecraft:coal_ore":381,"minecraft:cracked_stone_bricks":1},"minecraft:killed_by":{"alexsmobs:froststalker":1,"minecraft:pillager":2,"minecraft:zombie":5,"alexsmobs:grizzly_bear":1,"alexsmobs:centipede_head":2,"iceandfire:ghost":4,"minecraft:creeper":1,"iceandfire:fire_dragon":2,"minecraft:player":3,"minecraft:enderman":1,"minecraft:iron_golem":1,"minecraft:skeleton":3},"minecraft:dropped":{"minecraft:crimson_stem":4,"minecraft:iron_sword":2,"minecraft:diamond":4,"minecraft:crafting_table":1,"minecraft:cooked_porkchop":2,"minecraft:crossbow":1,"minecraft:weeping_vines":1,"iceandfire:ectoplasm":4,"minecraft:rail":4,"minecraft:dirt":79,"minecraft:chain":1,"minecraft:wooden_sword":2,"minecraft:bone_block":1,"minecraft:sand":37,"minecraft:iron_pickaxe":1,"iceandfire:armor_silver_metal_helmet":1,"minecraft:bone":22,"minecraft:stone_axe":1,"alexsmobs:animal_dictionary":3,"minecraft:cobbled_deepslate":295,"minecraft:rotten_flesh":10,"minecraft:oak_planks":133,"alexsmobs:cachalot_whale_tooth":1,"minecraft:warped_planks":4,"minecraft:rabbit_foot":1,"alexsmobs:froststalker_horn":2,"minecraft:tipped_arrow":1,"iceandfire:ghost_chest":2,"iceandfire:bestiary":1,"iceandfire:dragonbone_sword":12,"minecraft:iron_ingot":17,"minecraft:wheat_seeds":5,"minecraft:cobbled_deepslate_wall":1,"minecraft:cobblestone":61,"minecraft:iron_helmet":2,"iceandfire:dragon_stick":1,"minecraft:spruce_door":2,"minecraft:coal":8,"minecraft:golden_apple":8,"minecraft:cooked_salmon":4,"minecraft:red_dye":1,"minecraft:chainmail_leggings":2,"minecraft:iron_shovel":2,"minecraft:paper":1,"minecraft:stone_sword":1,"minecraft:cobblestone_wall":2,"minecraft:iron_boots":3,"iceandfire:dragon_skull_ice":1,"minecraft:nether_bricks":1,"minecraft:potato":12,"minecraft:shroomlight":1,"minecraft:spruce_planks":12,"minecraft:diamond_pickaxe":3,"iceandfire:silver_ingot":2,"iceandfire:dragonbone_arrow":35,"minecraft:wooden_shovel":2,"minecraft:stone_bricks":5,"minecraft:birch_boat":2,"minecraft:bow":3,"minecraft:bell":1,"minecraft:warped_stem":1,"minecraft:birch_planks":36,"minecraft:oak_log":132,"minecraft:baked_potato":14,"minecraft:lantern":1,"minecraft:chest_minecart":1,"minecraft:flint":1,"minecraft:cooked_cod":5,"minecraft:birch_log":12,"minecraft:gravel":52,"minecraft:carrot":65,"iceandfire:armor_silver_metal_boots":1,"minecraft:gunpowder":2,"comforts:sleeping_bag_white":2,"minecraft:arrow":3,"minecraft:netherrack":70,"minecraft:water_bucket":2,"minecraft:bread":1,"minecraft:mossy_cobblestone":1,"iceandfire:wither_shard":2,"iceandfire:dragon_flute":1,"minecraft:stick":1,"minecraft:torch":17,"minecraft:nether_wart_block":2,"waystones:return_scroll":15,"minecraft:map":1,"minecraft:iron_leggings":1,"minecraft:iron_axe":1,"iceandfire:dragonbone":2,"minecraft:tuff":35,"minecraft:iron_hoe":1,"minecraft:filled_map":1,"minecraft:shield":1,"iceandfire:dread_torch":4,"minecraft:iron_chestplate":1,"iceandfire:dragonbone_bow":1,"minecraft:spruce_log":1},"minecraft:custom":{"minecraft:interact_with_crafting_table":201,"minecraft:leave_game":34,"minecraft:time_since_death":107631,"minecraft:damage_blocked_by_shield":8344,"minecraft:play_time":1949751,"minecraft:deaths":30,"minecraft:jump":18579,"minecraft:interact_with_furnace":163,"minecraft:interact_with_cartography_table":1,"minecraft:sleep_in_bed":46,"minecraft:waystone_activated":3,"minecraft:damage_dealt":101369,"minecraft:sneak_time":34717,"minecraft:interact_with_blast_furnace":2,"minecraft:total_world_time":1949751,"minecraft:time_since_rest":107674,"minecraft:swim_one_cm":204515,"minecraft:fly_one_cm":1922789,"minecraft:open_chest":1352,"minecraft:fall_one_cm":314848,"minecraft:animals_bred":5,"minecraft:sprint_one_cm":1414506,"minecraft:drop":277,"minecraft:talked_to_villager":17,"minecraft:interact_with_brewingstand":1,"minecraft:walk_on_water_one_cm":300683,"minecraft:player_kills":2,"minecraft:crouch_one_cm":106866,"minecraft:mob_kills":560,"minecraft:climb_one_cm":26720,"minecraft:walk_one_cm":9926394,"minecraft:raid_win":1,"minecraft:walk_under_water_one_cm":351213,"minecraft:boat_one_cm":2115941,"minecraft:interact_with_grindstone":2,"minecraft:damage_taken":28280,"minecraft:trigger_trapped_chest":55,"minecraft:minecart_one_cm":2115}},"DataVersion":3465}