{"stats":{"minecraft:killed":{"alexsmobs:lobster":4,"minecraft:spider":6,"minecraft:cod":2,"minecraft:skeleton":9,"minecraft:chicken":3,"minecraft:pig":5,"alexsmobs:seal":1,"minecraft:creeper":3,"minecraft:pillager":2,"minecraft:zombie":13,"alexsmobs:cockroach":1,"iceandfire:ghost":4,"alexsmobs:fly":2,"minecraft:cow":9},"minecraft:crafted":{"minecraft:wooden_sword":3,"minecraft:oak_planks":158,"minecraft:oak_pressure_plate":1,"minecraft:furnace":4,"minecraft:pink_dye":2,"minecraft:iron_axe":2,"minecraft:stone_pickaxe":8,"minecraft:chest":5,"minecraft:cooked_beef":3,"minecraft:red_dye":4,"minecraft:cooked_cod":5,"iceandfire:silver_ingot":6,"minecraft:cooked_porkchop":11,"waystones:return_scroll":3,"alexsmobs:cooked_lobster_tail":3,"minecraft:crafting_table":8,"minecraft:spruce_planks":50,"minecraft:wooden_pickaxe":2,"minecraft:cooked_salmon":9,"minecraft:stone_axe":4,"minecraft:air":0,"minecraft:blue_dye":1,"minecraft:oak_boat":1,"minecraft:paper":9,"minecraft:purple_dye":1,"minecraft:stick":42,"minecraft:iron_ingot":83,"minecraft:iron_pickaxe":1,"minecraft:wooden_axe":1,"minecraft:stone_sword":2,"minecraft:iron_shovel":1,"minecraft:torch":2},"minecraft:custom":{"minecraft:mob_kills":64,"minecraft:interact_with_crafting_table":50,"minecraft:leave_game":12,"minecraft:time_since_death":19001,"minecraft:climb_one_cm":319,"minecraft:sprint_one_cm":334893,"minecraft:walk_one_cm":1675408,"minecraft:drop":68,"minecraft:talked_to_villager":2,"minecraft:play_time":325153,"minecraft:deaths":16,"minecraft:sneak_time":1818,"minecraft:walk_under_water_one_cm":122769,"minecraft:boat_one_cm":399874,"minecraft:jump":3558,"minecraft:interact_with_blast_furnace":1,"minecraft:walk_on_water_one_cm":79402,"minecraft:total_world_time":325153,"minecraft:interact_with_furnace":69,"minecraft:interact_with_cartography_table":1,"minecraft:interact_with_grindstone":2,"minecraft:sleep_in_bed":12,"minecraft:time_since_rest":19034,"minecraft:waystone_activated":1,"minecraft:damage_taken":6083,"minecraft:trigger_trapped_chest":1,"minecraft:damage_dealt":11619,"minecraft:player_kills":2,"minecraft:swim_one_cm":50613,"minecraft:fly_one_cm":433868,"minecraft:open_chest":90,"minecraft:crouch_one_cm":7504,"minecraft:fall_one_cm":63401},"minecraft:mined":{"minecraft:tuff":1,"minecraft:white_bed":1,"iceandfire:silver_ore":14,"minecraft:deepslate_diamond_ore":4,"minecraft:granite":27,"minecraft:grass_block":28,"minecraft:spruce_leaves":12,"minecraft:large_fern":2,"minecraft:furnace":3,"minecraft:carrots":1,"minecraft:iron_ore":82,"minecraft:andesite":4,"minecraft:peony":6,"minecraft:potatoes":1,"minecraft:deepslate_iron_ore":2,"minecraft:packed_ice":11,"iceandfire:frost_lily":1,"minecraft:stone":380,"minecraft:deepslate_redstone_ore":4,"minecraft:torch":4,"minecraft:cornflower":1,"minecraft:crafting_table":4,"minecraft:poppy":4,"minecraft:chest":2,"minecraft:copper_ore":6,"minecraft:tall_grass":6,"minecraft:deepslate_gold_ore":6,"minecraft:lapis_ore":7,"minecraft:oak_planks":41,"minecraft:sugar_cane":5,"minecraft:diorite":8,"minecraft:wall_torch":3,"minecraft:blue_bed":1,"minecraft:ice":9,"minecraft:spruce_log":11,"minecraft:grass":51,"minecraft:coal_ore":86,"minecraft:oak_log":165,"minecraft:sand":1,"minecraft:dirt":50,"minecraft:oak_leaves":83,"minecraft:deepslate":51,"minecraft:fern":2},"minecraft:killed_by":{"minecraft:player":1,"minecraft:creeper":1,"minecraft:pillager":2,"minecraft:iron_golem":1,"minecraft:skeleton":2,"minecraft:zombie":4,"iceandfire:ghost":2,"iceandfire:fire_dragon":2},"minecraft:picked_up":{"minecraft:wooden_axe":4,"minecraft:crafting_table":15,"minecraft:chicken":3,"minecraft:wooden_pickaxe":6,"minecraft:cooked_rabbit":1,"minecraft:golden_shovel":3,"minecraft:chain":2,"minecraft:cornflower":1,"iceandfire:manuscript":3,"minecraft:string":17,"minecraft:red_bed":2,"minecraft:cooked_salmon":3,"minecraft:raw_copper":26,"minecraft:iron_axe":1,"minecraft:wooden_sword":6,"minecraft:iron_shovel":1,"minecraft:compass":4,"minecraft:gold_nugget":68,"minecraft:cobbled_deepslate":59,"iceandfire:frost_lily":3,"minecraft:spruce_planks":60,"minecraft:beef":17,"minecraft:red_dye":1,"minecraft:oak_boat":3,"minecraft:iron_pickaxe":3,"minecraft:poppy":7,"minecraft:light_gray_wool":4,"minecraft:spruce_slab":2,"minecraft:chest":2,"minecraft:sugar_cane":60,"alexsmobs:cooked_lobster_tail":3,"minecraft:furnace":5,"minecraft:egg":2,"minecraft:tipped_arrow":1,"minecraft:raw_iron":128,"minecraft:stick":41,"minecraft:torch":8,"minecraft:spruce_stairs":2,"minecraft:spruce_fence":2,"minecraft:fire_charge":3,"minecraft:snow_block":4,"minecraft:porkchop":30,"minecraft:diorite":16,"minecraft:carrot":9,"minecraft:redstone":18,"minecraft:rabbit_foot":1,"minecraft:dark_oak_planks":18,"iceandfire:armor_silver_metal_boots":1,"iceandfire:silver_ingot":9,"minecraft:stone_sword":1,"minecraft:arrow":26,"minecraft:rotten_flesh":26,"minecraft:golden_hoe":3,"minecraft:peony":6,"minecraft:gold_ingot":9,"minecraft:white_wool":2,"minecraft:cod":3,"minecraft:snowball":199,"alexsmobs:lobster_tail":9,"minecraft:cobblestone":501,"minecraft:birch_log":12,"minecraft:feather":5,"minecraft:salmon":8,"minecraft:glow_ink_sac":4,"minecraft:birch_slab":10,"minecraft:water_bucket":1,"minecraft:andesite":4,"minecraft:leather":8,"minecraft:birch_planks":18,"minecraft:potato":19,"minecraft:filled_map":6,"alexsmobs:cachalot_whale_tooth":12,"minecraft:flint":1,"minecraft:tuff":1,"minecraft:oak_log":187,"iceandfire:ectoplasm":5,"minecraft:gunpowder":1,"minecraft:map":4,"minecraft:lapis_lazuli":43,"minecraft:blue_bed":1,"minecraft:dirt":433,"minecraft:paper":9,"minecraft:lantern":4,"minecraft:bone":27,"minecraft:apple":1,"minecraft:kelp":2,"minecraft:bow":2,"minecraft:wheat_seeds":24,"minecraft:raw_gold":6,"iceandfire:armor_silver_metal_helmet":1,"minecraft:rabbit_hide":5,"minecraft:iron_ingot":36,"minecraft:stone_pickaxe":3,"minecraft:iron_sword":4,"minecraft:oak_planks":434,"minecraft:book":1,"minecraft:cooked_porkchop":3,"minecraft:pumpkin":7,"minecraft:gravel":1,"minecraft:sand":2,"minecraft:stripped_spruce_log":2,"minecraft:spruce_sapling":7,"minecraft:ink_sac":14,"minecraft:white_bed":6,"minecraft:spruce_log":15,"alexsmobs:animal_dictionary":11,"minecraft:diamond":4,"minecraft:spruce_boat":5,"minecraft:stone_axe":2,"minecraft:bone_meal":1,"minecraft:granite":33,"minecraft:bread":1,"alexsmobs:maggot":16,"minecraft:baked_potato":4,"minecraft:oak_sapling":15,"minecraft:light_gray_carpet":3,"minecraft:coal":98,"iceandfire:raw_silver":15},"minecraft:dropped":{"minecraft:water_bucket":1,"minecraft:iron_ingot":5,"minecraft:bread":1,"minecraft:iron_sword":2,"minecraft:birch_planks":18,"minecraft:oak_log":128,"minecraft:crafting_table":1,"minecraft:cooked_porkchop":2,"minecraft:cobblestone":8,"minecraft:lantern":1,"iceandfire:ectoplasm":4,"minecraft:flint":1,"minecraft:cooked_cod":5,"minecraft:cooked_salmon":4,"minecraft:map":1,"waystones:return_scroll":2,"minecraft:wooden_sword":2,"minecraft:red_dye":1,"iceandfire:armor_silver_metal_helmet":1,"minecraft:birch_log":12,"minecraft:bone":5,"minecraft:stone_axe":1,"alexsmobs:animal_dictionary":3,"minecraft:stone_sword":1,"minecraft:oak_planks":105,"alexsmobs:cachalot_whale_tooth":1,"minecraft:rabbit_foot":1,"minecraft:filled_map":1,"minecraft:potato":12,"minecraft:tipped_arrow":1,"iceandfire:armor_silver_metal_boots":1,"minecraft:spruce_planks":12,"iceandfire:silver_ingot":1,"minecraft:spruce_log":1,"minecraft:bow":1,"minecraft:arrow":3},"minecraft:broken":{"minecraft:stone_sword":1,"minecraft:wooden_pickaxe":1,"minecraft:stone_pickaxe":2,"minecraft:wooden_sword":1,"minecraft:stone_axe":1},"minecraft:used":{"minecraft:peony":4,"minecraft:stone_sword":184,"minecraft:chest":3,"minecraft:spruce_planks":9,"minecraft:iron_sword":1,"minecraft:cooked_salmon":3,"minecraft:torch":8,"minecraft:dirt":44,"minecraft:carrot":6,"minecraft:snowball":37,"minecraft:granite":10,"minecraft:spruce_boat":4,"minecraft:wooden_axe":15,"alexsmobs:maggot":1,"alexsmobs:lobster_tail":2,"minecraft:lantern":1,"minecraft:iron_axe":294,"alexsmobs:cooked_lobster_tail":2,"minecraft:beef":1,"minecraft:oak_sapling":14,"minecraft:furnace":6,"minecraft:potato":10,"minecraft:cooked_beef":1,"minecraft:cobbled_deepslate":12,"minecraft:water_bucket":14,"minecraft:diorite":8,"minecraft:baked_potato":4,"minecraft:oak_planks":211,"minecraft:stone_pickaxe":408,"minecraft:wooden_pickaxe":109,"minecraft:salmon":1,"minecraft:sand":1,"minecraft:red_bed":1,"minecraft:crafting_table":10,"minecraft:white_bed":3,"minecraft:cod":4,"minecraft:spruce_log":1,"minecraft:apple":4,"minecraft:chicken":1,"minecraft:iron_pickaxe":189,"minecraft:bread":3,"minecraft:stone_axe":173,"minecraft:wooden_sword":72,"minecraft:cobblestone":82,"minecraft:cooked_porkchop":12,"minecraft:cooked_rabbit":1,"minecraft:bucket":14,"minecraft:oak_boat":3,"alexsmobs:animal_dictionary":5}},"DataVersion":3465}