{"stats":{"minecraft:killed":{"alexsmobs:lobster":4,"minecraft:spider":7,"minecraft:cod":2,"minecraft:skeleton":9,"minecraft:chicken":3,"minecraft:pig":5,"minecraft:salmon":3,"alexsmobs:seal":1,"minecraft:creeper":3,"minecraft:pillager":2,"minecraft:zombie":42,"alexsmobs:cockroach":2,"iceandfire:ghost":7,"alexsmobs:fly":2,"minecraft:cow":9},"minecraft:crafted":{"minecraft:wooden_sword":3,"minecraft:oak_planks":180,"minecraft:oak_pressure_plate":1,"minecraft:furnace":4,"minecraft:pink_dye":2,"minecraft:iron_axe":2,"minecraft:iron_hoe":1,"minecraft:stone_pickaxe":8,"minecraft:chest":5,"minecraft:cooked_beef":3,"minecraft:red_dye":4,"minecraft:cooked_cod":5,"iceandfire:silver_ingot":6,"minecraft:cooked_porkchop":11,"waystones:return_scroll":3,"alexsmobs:cooked_lobster_tail":3,"minecraft:crafting_table":10,"minecraft:spruce_planks":50,"minecraft:wooden_pickaxe":2,"minecraft:iron_sword":1,"minecraft:cooked_salmon":9,"minecraft:stone_axe":4,"minecraft:air":0,"minecraft:blue_dye":1,"minecraft:oak_boat":1,"minecraft:diamond_pickaxe":1,"minecraft:iron_chestplate":1,"minecraft:paper":9,"minecraft:purple_dye":1,"minecraft:stick":58,"minecraft:iron_ingot":83,"minecraft:iron_pickaxe":3,"minecraft:wooden_axe":1,"minecraft:stone_sword":2,"minecraft:iron_shovel":1,"minecraft:torch":18},"minecraft:custom":{"minecraft:mob_kills":101,"minecraft:animals_bred":1,"minecraft:interact_with_crafting_table":57,"minecraft:leave_game":12,"minecraft:time_since_death":83,"minecraft:climb_one_cm":319,"minecraft:sprint_one_cm":343699,"minecraft:walk_one_cm":2119699,"minecraft:drop":70,"minecraft:talked_to_villager":2,"minecraft:play_time":397153,"minecraft:deaths":20,"minecraft:sneak_time":1823,"minecraft:walk_under_water_one_cm":148575,"minecraft:boat_one_cm":399874,"minecraft:jump":4326,"minecraft:interact_with_blast_furnace":1,"minecraft:walk_on_water_one_cm":102030,"minecraft:total_world_time":397153,"minecraft:interact_with_furnace":80,"minecraft:interact_with_cartography_table":1,"minecraft:interact_with_grindstone":2,"minecraft:sleep_in_bed":13,"minecraft:time_since_rest":125,"minecraft:waystone_activated":1,"minecraft:damage_taken":7969,"minecraft:trigger_trapped_chest":1,"minecraft:damage_dealt":18600,"minecraft:player_kills":2,"minecraft:swim_one_cm":60154,"minecraft:fly_one_cm":451324,"minecraft:open_chest":104,"minecraft:crouch_one_cm":7505,"minecraft:fall_one_cm":71696},"minecraft:mined":{"minecraft:tuff":25,"minecraft:white_bed":1,"iceandfire:graveyard_soil":1,"iceandfire:silver_ore":22,"minecraft:deepslate_diamond_ore":12,"minecraft:glow_lichen":1,"minecraft:granite":30,"minecraft:grass_block":34,"minecraft:spruce_leaves":12,"minecraft:large_fern":2,"minecraft:furnace":3,"minecraft:carrots":1,"minecraft:iron_ore":111,"minecraft:andesite":4,"minecraft:peony":6,"minecraft:vine":3,"minecraft:potatoes":1,"minecraft:deepslate_iron_ore":4,"minecraft:packed_ice":11,"iceandfire:frost_lily":1,"minecraft:stone":581,"minecraft:deepslate_redstone_ore":4,"minecraft:torch":6,"minecraft:cornflower":1,"minecraft:crafting_table":7,"minecraft:emerald_ore":1,"minecraft:poppy":4,"minecraft:chest":2,"minecraft:cobblestone":17,"minecraft:copper_ore":7,"minecraft:tall_grass":6,"minecraft:deepslate_gold_ore":17,"minecraft:lapis_ore":8,"minecraft:oak_planks":41,"minecraft:sugar_cane":5,"minecraft:diorite":26,"minecraft:wall_torch":8,"minecraft:blue_bed":1,"minecraft:ice":9,"minecraft:spruce_log":11,"minecraft:grass":52,"minecraft:coal_ore":131,"minecraft:oak_log":171,"minecraft:gravel":15,"minecraft:sand":202,"minecraft:dirt":83,"minecraft:oak_leaves":84,"minecraft:deepslate":362,"minecraft:fern":2},"minecraft:killed_by":{"minecraft:player":2,"minecraft:creeper":1,"minecraft:pillager":2,"minecraft:iron_golem":1,"alexsmobs:centipede_head":1,"minecraft:skeleton":2,"minecraft:zombie":5,"iceandfire:ghost":3,"iceandfire:fire_dragon":2},"minecraft:picked_up":{"minecraft:wooden_axe":4,"minecraft:iron_chestplate":1,"minecraft:crafting_table":18,"minecraft:chicken":3,"minecraft:wooden_pickaxe":7,"minecraft:cooked_rabbit":1,"minecraft:golden_shovel":3,"minecraft:chain":2,"minecraft:cornflower":1,"iceandfire:manuscript":3,"minecraft:string":19,"minecraft:red_bed":2,"minecraft:cooked_salmon":18,"minecraft:raw_copper":31,"minecraft:iron_axe":1,"minecraft:wooden_sword":6,"minecraft:iron_leggings":1,"minecraft:iron_shovel":4,"minecraft:compass":4,"minecraft:glass_pane":65,"iceandfire:graveyard_soil":1,"minecraft:gold_nugget":68,"minecraft:cobbled_deepslate":369,"iceandfire:frost_lily":3,"minecraft:spruce_planks":60,"minecraft:beef":17,"minecraft:red_dye":1,"minecraft:oak_boat":3,"minecraft:iron_pickaxe":6,"minecraft:poppy":7,"minecraft:light_gray_wool":4,"minecraft:spruce_slab":2,"minecraft:chest":2,"minecraft:sugar_cane":60,"alexsmobs:cooked_lobster_tail":3,"minecraft:iron_boots":1,"minecraft:furnace":5,"minecraft:egg":5,"minecraft:tipped_arrow":1,"minecraft:raw_iron":158,"minecraft:stick":45,"minecraft:oak_fence":12,"minecraft:torch":16,"minecraft:spruce_stairs":2,"minecraft:spruce_fence":2,"minecraft:fire_charge":3,"minecraft:snow_block":4,"minecraft:porkchop":30,"minecraft:diorite":34,"minecraft:carrot":13,"minecraft:redstone":18,"minecraft:rabbit_foot":1,"minecraft:dark_oak_planks":18,"minecraft:stone_shovel":2,"iceandfire:armor_silver_metal_boots":1,"iceandfire:silver_ingot":9,"minecraft:stone_sword":1,"minecraft:arrow":26,"minecraft:rotten_flesh":53,"minecraft:cooked_cod":18,"minecraft:pumpkin_pie":1,"minecraft:golden_hoe":3,"minecraft:peony":8,"minecraft:gold_ingot":9,"minecraft:white_wool":2,"minecraft:cod":3,"minecraft:snowball":199,"alexsmobs:lobster_tail":9,"minecraft:cobblestone":718,"minecraft:birch_log":12,"minecraft:feather":5,"minecraft:salmon":15,"minecraft:glow_ink_sac":5,"minecraft:birch_slab":10,"minecraft:water_bucket":4,"minecraft:andesite":4,"minecraft:leather":8,"minecraft:birch_planks":36,"minecraft:potato":19,"minecraft:filled_map":6,"alexsmobs:cachalot_whale_tooth":12,"minecraft:flint":2,"minecraft:tuff":25,"minecraft:oak_log":193,"iceandfire:ectoplasm":7,"minecraft:gunpowder":1,"minecraft:map":4,"minecraft:lapis_lazuli":52,"minecraft:blue_bed":1,"minecraft:dirt":485,"minecraft:paper":9,"minecraft:lantern":4,"minecraft:glass":3,"minecraft:bone":27,"minecraft:apple":1,"minecraft:kelp":2,"minecraft:bow":2,"minecraft:wheat_seeds":54,"minecraft:raw_gold":17,"iceandfire:armor_silver_metal_helmet":1,"minecraft:rabbit_hide":5,"minecraft:iron_ingot":64,"minecraft:stone_pickaxe":3,"minecraft:iron_sword":4,"minecraft:oak_planks":594,"minecraft:book":1,"minecraft:oak_slab":22,"minecraft:cooked_porkchop":3,"minecraft:pumpkin":7,"minecraft:gravel":15,"minecraft:sand":338,"minecraft:stripped_spruce_log":2,"minecraft:spruce_sapling":7,"minecraft:ink_sac":23,"minecraft:white_bed":6,"minecraft:spruce_log":15,"minecraft:spider_eye":1,"alexsmobs:animal_dictionary":11,"minecraft:diamond":12,"minecraft:spruce_boat":5,"minecraft:stone_axe":3,"minecraft:crossbow":1,"minecraft:iron_helmet":1,"minecraft:bone_meal":2,"minecraft:granite":36,"minecraft:emerald":1,"minecraft:bread":1,"alexsmobs:maggot":16,"minecraft:baked_potato":4,"minecraft:oak_sapling":15,"minecraft:light_gray_carpet":3,"minecraft:coal":143,"iceandfire:raw_silver":23},"minecraft:dropped":{"minecraft:water_bucket":1,"minecraft:iron_ingot":5,"minecraft:bread":1,"minecraft:iron_sword":2,"minecraft:birch_planks":18,"minecraft:oak_log":128,"minecraft:crafting_table":1,"minecraft:cooked_porkchop":2,"minecraft:cobblestone":8,"minecraft:lantern":1,"iceandfire:ectoplasm":4,"minecraft:flint":1,"minecraft:cooked_cod":5,"minecraft:cooked_salmon":4,"minecraft:map":1,"waystones:return_scroll":2,"minecraft:wooden_sword":2,"minecraft:red_dye":1,"iceandfire:armor_silver_metal_helmet":1,"minecraft:birch_log":12,"minecraft:bone":12,"minecraft:stone_axe":1,"alexsmobs:animal_dictionary":3,"minecraft:stone_sword":1,"minecraft:iron_hoe":1,"minecraft:oak_planks":105,"alexsmobs:cachalot_whale_tooth":1,"minecraft:rabbit_foot":1,"minecraft:filled_map":1,"minecraft:potato":12,"minecraft:tipped_arrow":1,"iceandfire:armor_silver_metal_boots":1,"minecraft:spruce_planks":12,"iceandfire:silver_ingot":1,"minecraft:spruce_log":1,"minecraft:bow":1,"minecraft:arrow":3},"minecraft:broken":{"minecraft:iron_shovel":1,"minecraft:stone_sword":1,"minecraft:wooden_pickaxe":1,"minecraft:stone_pickaxe":2,"minecraft:iron_axe":1,"minecraft:wooden_sword":1,"minecraft:stone_axe":2,"minecraft:iron_sword":1,"minecraft:iron_pickaxe":2},"minecraft:used":{"minecraft:peony":4,"minecraft:stone_sword":184,"minecraft:iron_shovel":268,"minecraft:chest":3,"minecraft:spruce_planks":9,"minecraft:iron_sword":238,"minecraft:rotten_flesh":9,"minecraft:cooked_salmon":6,"minecraft:iron_chestplate":1,"minecraft:torch":23,"minecraft:dirt":79,"minecraft:carrot":9,"minecraft:tuff":14,"minecraft:snowball":37,"minecraft:granite":10,"minecraft:spruce_boat":4,"minecraft:wooden_axe":15,"alexsmobs:maggot":1,"alexsmobs:lobster_tail":2,"minecraft:lantern":1,"minecraft:iron_axe":301,"alexsmobs:cooked_lobster_tail":2,"minecraft:iron_helmet":1,"minecraft:beef":1,"minecraft:oak_sapling":14,"minecraft:furnace":7,"minecraft:cooked_cod":6,"minecraft:potato":10,"minecraft:cooked_beef":1,"minecraft:cobbled_deepslate":25,"minecraft:iron_leggings":1,"minecraft:water_bucket":14,"minecraft:diorite":8,"minecraft:baked_potato":4,"minecraft:oak_planks":211,"minecraft:stone_pickaxe":408,"minecraft:wooden_pickaxe":109,"minecraft:salmon":1,"minecraft:sand":1,"minecraft:red_bed":1,"minecraft:crafting_table":14,"minecraft:white_bed":3,"minecraft:cod":4,"minecraft:spruce_log":1,"minecraft:diamond_pickaxe":275,"minecraft:apple":4,"minecraft:chicken":1,"minecraft:iron_pickaxe":653,"minecraft:bread":4,"minecraft:stone_axe":184,"minecraft:wooden_sword":72,"minecraft:cobblestone":148,"minecraft:cooked_porkchop":12,"minecraft:cooked_rabbit":1,"minecraft:bucket":14,"minecraft:pumpkin_pie":1,"minecraft:oak_boat":3,"alexsmobs:animal_dictionary":5}},"DataVersion":3465}