{"stats":{"minecraft:killed":{"alexsmobs:lobster":4,"minecraft:spider":6,"minecraft:skeleton":4,"minecraft:chicken":3,"minecraft:pig":5,"alexsmobs:seal":1,"minecraft:creeper":2,"minecraft:pillager":2,"alexsmobs:cockroach":1,"minecraft:zombie":9,"iceandfire:ghost":4,"alexsmobs:fly":2,"minecraft:cow":5},"minecraft:crafted":{"minecraft:wooden_sword":3,"minecraft:oak_planks":78,"minecraft:furnace":3,"minecraft:iron_axe":1,"minecraft:stone_pickaxe":2,"minecraft:chest":5,"minecraft:cooked_beef":3,"minecraft:red_dye":3,"iceandfire:silver_ingot":6,"minecraft:cooked_porkchop":11,"alexsmobs:cooked_lobster_tail":3,"minecraft:crafting_table":7,"minecraft:spruce_planks":50,"minecraft:wooden_pickaxe":2,"minecraft:cooked_salmon":4,"minecraft:stone_axe":1,"minecraft:air":0,"minecraft:oak_boat":1,"minecraft:paper":9,"minecraft:stick":18,"minecraft:iron_ingot":10,"minecraft:wooden_axe":1,"minecraft:stone_sword":2,"minecraft:torch":2},"minecraft:custom":{"minecraft:mob_kills":48,"minecraft:interact_with_crafting_table":26,"minecraft:leave_game":10,"minecraft:time_since_death":18533,"minecraft:climb_one_cm":212,"minecraft:sprint_one_cm":283323,"minecraft:walk_one_cm":1044735,"minecraft:drop":42,"minecraft:talked_to_villager":2,"minecraft:play_time":207311,"minecraft:deaths":10,"minecraft:sneak_time":332,"minecraft:walk_under_water_one_cm":62578,"minecraft:boat_one_cm":303484,"minecraft:jump":2310,"minecraft:interact_with_blast_furnace":1,"minecraft:walk_on_water_one_cm":48591,"minecraft:total_world_time":207311,"minecraft:interact_with_furnace":48,"minecraft:interact_with_cartography_table":1,"minecraft:interact_with_grindstone":2,"minecraft:sleep_in_bed":11,"minecraft:time_since_rest":17128,"minecraft:waystone_activated":1,"minecraft:damage_taken":4304,"minecraft:trigger_trapped_chest":1,"minecraft:damage_dealt":9004,"minecraft:swim_one_cm":11347,"minecraft:fly_one_cm":356084,"minecraft:player_kills":2,"minecraft:open_chest":35,"minecraft:crouch_one_cm":662,"minecraft:fall_one_cm":38607},"minecraft:mined":{"minecraft:white_bed":1,"iceandfire:silver_ore":7,"minecraft:grass_block":23,"minecraft:spruce_leaves":12,"minecraft:large_fern":2,"minecraft:furnace":2,"minecraft:carrots":1,"minecraft:iron_ore":9,"minecraft:peony":5,"minecraft:potatoes":1,"minecraft:packed_ice":11,"iceandfire:frost_lily":1,"minecraft:stone":119,"minecraft:crafting_table":2,"minecraft:torch":3,"minecraft:poppy":4,"minecraft:chest":1,"minecraft:tall_grass":2,"minecraft:copper_ore":1,"minecraft:oak_planks":1,"minecraft:sugar_cane":5,"minecraft:wall_torch":3,"minecraft:blue_bed":1,"minecraft:ice":9,"minecraft:spruce_log":11,"minecraft:grass":7,"minecraft:oak_log":27,"minecraft:coal_ore":37,"minecraft:dirt":46,"minecraft:oak_leaves":7,"minecraft:fern":2},"minecraft:killed_by":{"minecraft:player":1,"minecraft:creeper":1,"minecraft:pillager":2,"minecraft:iron_golem":1,"minecraft:zombie":3,"iceandfire:ghost":2},"minecraft:picked_up":{"minecraft:wooden_axe":4,"minecraft:crafting_table":13,"minecraft:chicken":3,"minecraft:wooden_pickaxe":6,"minecraft:cooked_rabbit":1,"minecraft:golden_shovel":3,"minecraft:string":14,"minecraft:red_bed":2,"minecraft:raw_copper":9,"minecraft:wooden_sword":6,"minecraft:compass":4,"iceandfire:frost_lily":3,"minecraft:spruce_planks":60,"minecraft:beef":10,"minecraft:red_dye":1,"minecraft:oak_boat":2,"minecraft:spruce_slab":2,"minecraft:poppy":7,"minecraft:iron_pickaxe":1,"minecraft:light_gray_wool":4,"minecraft:chest":1,"alexsmobs:cooked_lobster_tail":2,"minecraft:sugar_cane":60,"minecraft:egg":1,"minecraft:furnace":4,"minecraft:tipped_arrow":1,"minecraft:raw_iron":10,"minecraft:stick":30,"minecraft:torch":6,"minecraft:spruce_stairs":2,"minecraft:spruce_fence":2,"minecraft:fire_charge":3,"minecraft:snow_block":4,"minecraft:porkchop":30,"minecraft:carrot":4,"minecraft:rabbit_foot":1,"minecraft:dark_oak_planks":18,"iceandfire:silver_ingot":9,"minecraft:stone_sword":1,"minecraft:arrow":15,"minecraft:rotten_flesh":17,"minecraft:golden_hoe":3,"minecraft:peony":4,"minecraft:gold_ingot":9,"alexsmobs:lobster_tail":9,"minecraft:snowball":199,"minecraft:cod":2,"minecraft:white_wool":2,"minecraft:cobblestone":154,"minecraft:feather":4,"minecraft:birch_slab":5,"minecraft:salmon":6,"minecraft:leather":4,"minecraft:potato":19,"minecraft:filled_map":6,"alexsmobs:cachalot_whale_tooth":10,"minecraft:flint":1,"minecraft:oak_log":27,"iceandfire:ectoplasm":1,"minecraft:paper":9,"minecraft:map":4,"minecraft:blue_bed":1,"minecraft:dirt":408,"minecraft:lantern":4,"minecraft:bone":17,"minecraft:apple":1,"minecraft:bow":2,"minecraft:wheat_seeds":2,"minecraft:rabbit_hide":5,"minecraft:iron_ingot":15,"minecraft:stone_pickaxe":2,"minecraft:oak_planks":97,"minecraft:cooked_porkchop":3,"minecraft:gravel":1,"minecraft:stripped_spruce_log":2,"minecraft:spruce_sapling":7,"minecraft:ink_sac":9,"minecraft:white_bed":6,"minecraft:spruce_log":15,"alexsmobs:animal_dictionary":11,"minecraft:stone_axe":2,"minecraft:spruce_boat":5,"alexsmobs:maggot":16,"minecraft:baked_potato":4,"minecraft:oak_sapling":9,"minecraft:light_gray_carpet":3,"minecraft:coal":48,"iceandfire:raw_silver":8},"minecraft:dropped":{"minecraft:iron_ingot":5,"minecraft:bread":1,"minecraft:crafting_table":1,"minecraft:cooked_porkchop":2,"minecraft:cobblestone":8,"minecraft:lantern":1,"minecraft:flint":1,"minecraft:cooked_salmon":3,"minecraft:map":1,"minecraft:wooden_sword":2,"minecraft:red_dye":1,"minecraft:bone":5,"minecraft:stone_sword":1,"alexsmobs:animal_dictionary":3,"alexsmobs:cachalot_whale_tooth":1,"minecraft:rabbit_foot":1,"minecraft:filled_map":1,"minecraft:potato":12,"minecraft:tipped_arrow":1,"minecraft:spruce_planks":12,"iceandfire:silver_ingot":1,"minecraft:spruce_log":1,"minecraft:arrow":3,"minecraft:bow":1},"minecraft:broken":{"minecraft:stone_sword":1,"minecraft:wooden_pickaxe":1,"minecraft:wooden_sword":1,"minecraft:stone_axe":1},"minecraft:used":{"minecraft:peony":3,"minecraft:stone_sword":184,"minecraft:chest":3,"minecraft:spruce_planks":9,"minecraft:cooked_salmon":1,"minecraft:torch":8,"minecraft:dirt":26,"minecraft:carrot":4,"minecraft:snowball":37,"minecraft:spruce_boat":4,"minecraft:wooden_axe":15,"alexsmobs:maggot":1,"alexsmobs:cooked_lobster_tail":1,"minecraft:lantern":1,"minecraft:iron_axe":57,"minecraft:beef":1,"minecraft:furnace":5,"minecraft:cooked_beef":1,"minecraft:potato":10,"minecraft:oak_planks":1,"minecraft:stone_pickaxe":75,"minecraft:baked_potato":4,"minecraft:wooden_pickaxe":109,"minecraft:salmon":1,"minecraft:crafting_table":8,"minecraft:red_bed":1,"minecraft:white_bed":3,"minecraft:cod":2,"minecraft:spruce_log":1,"minecraft:apple":4,"minecraft:chicken":1,"minecraft:bread":1,"minecraft:stone_axe":74,"minecraft:wooden_sword":72,"minecraft:cobblestone":4,"minecraft:cooked_porkchop":12,"minecraft:cooked_rabbit":1,"minecraft:oak_boat":2,"alexsmobs:animal_dictionary":5}},"DataVersion":3465}