{"stats":{"minecraft:mined":{"minecraft:white_bed":1,"iceandfire:graveyard_soil":1,"minecraft:granite":30,"minecraft:grass_block":35,"minecraft:iron_ore":111,"minecraft:deepslate_redstone_ore":4,"minecraft:torch":6,"minecraft:poppy":4,"minecraft:chest":3,"minecraft:cobblestone":17,"minecraft:sugar_cane":5,"minecraft:oak_planks":41,"minecraft:wall_torch":8,"minecraft:grass":52,"minecraft:oak_log":171,"minecraft:sand":202,"minecraft:dirt":83,"minecraft:oak_leaves":84,"minecraft:deepslate":362,"minecraft:tuff":25,"iceandfire:silver_ore":22,"minecraft:deepslate_diamond_ore":12,"minecraft:glow_lichen":1,"minecraft:spruce_leaves":12,"minecraft:large_fern":2,"minecraft:furnace":3,"minecraft:carrots":1,"minecraft:andesite":4,"minecraft:peony":6,"minecraft:potatoes":1,"minecraft:deepslate_iron_ore":4,"minecraft:vine":3,"minecraft:packed_ice":11,"iceandfire:frost_lily":1,"minecraft:stone":581,"minecraft:crafting_table":7,"minecraft:cornflower":1,"minecraft:emerald_ore":1,"minecraft:tall_grass":6,"minecraft:copper_ore":7,"minecraft:lapis_ore":8,"minecraft:deepslate_gold_ore":17,"minecraft:diorite":26,"minecraft:blue_bed":1,"minecraft:ice":9,"minecraft:spruce_log":11,"minecraft:coal_ore":131,"minecraft:gravel":15,"minecraft:fern":2},"minecraft:killed_by":{"minecraft:creeper":1,"minecraft:pillager":2,"minecraft:zombie":5,"iceandfire:fire_dragon":2,"minecraft:player":2,"minecraft:iron_golem":1,"alexsmobs:centipede_head":1,"minecraft:skeleton":3,"iceandfire:ghost":3},"minecraft:crafted":{"minecraft:oak_planks":180,"minecraft:oak_pressure_plate":1,"minecraft:chest":5,"minecraft:cooked_porkchop":11,"waystones:return_scroll":3,"minecraft:crafting_table":10,"minecraft:spruce_planks":50,"minecraft:wooden_pickaxe":2,"minecraft:iron_chestplate":1,"minecraft:paper":9,"minecraft:diamond_pickaxe":1,"minecraft:purple_dye":1,"minecraft:stick":58,"minecraft:iron_ingot":83,"minecraft:iron_pickaxe":3,"minecraft:stone_sword":2,"minecraft:wooden_sword":3,"minecraft:furnace":4,"minecraft:pink_dye":2,"minecraft:iron_axe":2,"minecraft:iron_hoe":1,"minecraft:stone_pickaxe":8,"minecraft:cooked_beef":3,"minecraft:red_dye":4,"minecraft:cooked_cod":5,"iceandfire:silver_ingot":6,"alexsmobs:cooked_lobster_tail":3,"minecraft:iron_sword":1,"minecraft:cooked_salmon":9,"minecraft:stone_axe":4,"minecraft:air":0,"minecraft:blue_dye":1,"minecraft:oak_boat":1,"minecraft:wooden_axe":1,"minecraft:iron_shovel":1,"minecraft:torch":18},"minecraft:used":{"minecraft:peony":4,"minecraft:iron_shovel":268,"minecraft:chest":4,"minecraft:iron_sword":238,"minecraft:rotten_flesh":9,"minecraft:iron_chestplate":1,"minecraft:carrot":9,"minecraft:tuff":14,"minecraft:snowball":37,"minecraft:spruce_boat":4,"alexsmobs:lobster_tail":2,"minecraft:lantern":1,"alexsmobs:cooked_lobster_tail":2,"minecraft:iron_helmet":1,"minecraft:furnace":7,"minecraft:oak_sapling":14,"minecraft:cooked_cod":6,"minecraft:potato":10,"minecraft:diorite":8,"minecraft:stone_pickaxe":408,"minecraft:oak_planks":211,"minecraft:wooden_pickaxe":109,"minecraft:sand":1,"minecraft:bread":4,"minecraft:wooden_sword":72,"minecraft:cooked_rabbit":1,"minecraft:oak_boat":3,"minecraft:stone_sword":184,"minecraft:stone_shovel":1,"minecraft:spruce_planks":9,"minecraft:cooked_salmon":6,"minecraft:torch":23,"minecraft:dirt":79,"minecraft:granite":10,"minecraft:wooden_axe":15,"alexsmobs:maggot":1,"minecraft:iron_axe":301,"minecraft:beef":1,"minecraft:cooked_beef":1,"minecraft:cobbled_deepslate":25,"minecraft:iron_leggings":1,"minecraft:water_bucket":14,"minecraft:baked_potato":4,"minecraft:salmon":1,"minecraft:crafting_table":14,"minecraft:red_bed":1,"minecraft:white_bed":3,"minecraft:cod":4,"minecraft:spruce_log":1,"minecraft:diamond_pickaxe":275,"minecraft:apple":4,"minecraft:chicken":1,"minecraft:iron_pickaxe":653,"minecraft:stone_axe":184,"minecraft:cobblestone":148,"minecraft:cooked_porkchop":12,"minecraft:bucket":14,"minecraft:pumpkin_pie":1,"alexsmobs:animal_dictionary":5},"minecraft:killed":{"alexsmobs:lobster":4,"minecraft:spider":7,"minecraft:cod":2,"minecraft:skeleton":9,"minecraft:chicken":3,"minecraft:pig":5,"minecraft:salmon":3,"alexsmobs:seal":1,"minecraft:creeper":3,"minecraft:pillager":2,"minecraft:zombie":42,"alexsmobs:fly":2,"minecraft:cow":9,"alexsmobs:cockroach":2,"iceandfire:ghost":7},"minecraft:dropped":{"minecraft:iron_sword":2,"minecraft:birch_planks":36,"minecraft:oak_log":128,"minecraft:crafting_table":1,"minecraft:cooked_porkchop":2,"minecraft:lantern":1,"iceandfire:ectoplasm":4,"minecraft:flint":1,"minecraft:cooked_cod":5,"minecraft:wooden_sword":2,"iceandfire:armor_silver_metal_helmet":1,"minecraft:birch_log":12,"minecraft:bone":12,"minecraft:stone_axe":1,"alexsmobs:animal_dictionary":3,"minecraft:oak_planks":105,"alexsmobs:cachalot_whale_tooth":1,"minecraft:rabbit_foot":1,"minecraft:tipped_arrow":1,"iceandfire:armor_silver_metal_boots":1,"minecraft:arrow":3,"minecraft:water_bucket":1,"minecraft:iron_ingot":5,"minecraft:bread":1,"minecraft:cobblestone":8,"waystones:return_scroll":2,"minecraft:cooked_salmon":4,"minecraft:map":1,"minecraft:red_dye":1,"minecraft:stone_sword":1,"minecraft:iron_hoe":1,"minecraft:filled_map":1,"minecraft:potato":12,"minecraft:spruce_planks":12,"iceandfire:silver_ingot":1,"minecraft:spruce_log":1,"minecraft:bow":1},"minecraft:custom":{"minecraft:animals_bred":1,"minecraft:interact_with_crafting_table":57,"minecraft:leave_game":15,"minecraft:time_since_death":8406,"minecraft:sprint_one_cm":368055,"minecraft:drop":71,"minecraft:talked_to_villager":2,"minecraft:play_time":406800,"minecraft:deaths":21,"minecraft:jump":4479,"minecraft:walk_on_water_one_cm":109369,"minecraft:interact_with_furnace":80,"minecraft:interact_with_cartography_table":1,"minecraft:sleep_in_bed":13,"minecraft:waystone_activated":1,"minecraft:damage_dealt":18667,"minecraft:player_kills":2,"minecraft:crouch_one_cm":7505,"minecraft:mob_kills":101,"minecraft:climb_one_cm":319,"minecraft:walk_one_cm":2172108,"minecraft:sneak_time":1829,"minecraft:walk_under_water_one_cm":155246,"minecraft:boat_one_cm":399874,"minecraft:interact_with_blast_furnace":1,"minecraft:total_world_time":406800,"minecraft:interact_with_grindstone":2,"minecraft:time_since_rest":8447,"minecraft:damage_taken":8309,"minecraft:trigger_trapped_chest":1,"minecraft:swim_one_cm":61338,"minecraft:fly_one_cm":486138,"minecraft:open_chest":110,"minecraft:fall_one_cm":79900},"minecraft:broken":{"minecraft:iron_shovel":1,"minecraft:stone_pickaxe":2,"minecraft:wooden_sword":1,"minecraft:stone_axe":2,"minecraft:iron_sword":1,"minecraft:stone_sword":1,"minecraft:wooden_pickaxe":1,"minecraft:iron_axe":1,"minecraft:iron_pickaxe":2},"minecraft:picked_up":{"minecraft:wooden_axe":4,"minecraft:iron_chestplate":1,"minecraft:enchanted_book":2,"minecraft:golden_shovel":4,"minecraft:stone_brick_stairs":4,"iceandfire:manuscript":3,"minecraft:string":20,"minecraft:raw_copper":31,"minecraft:cooked_salmon":23,"minecraft:iron_leggings":1,"minecraft:gold_nugget":68,"minecraft:cobbled_deepslate":369,"minecraft:bucket":1,"iceandfire:frost_lily":3,"minecraft:spruce_planks":60,"minecraft:red_dye":1,"minecraft:rose_bush":1,"minecraft:iron_pickaxe":6,"minecraft:furnace":5,"minecraft:iron_boots":1,"minecraft:tipped_arrow":1,"minecraft:stick":47,"minecraft:oak_fence":12,"minecraft:torch":17,"minecraft:spruce_stairs":2,"minecraft:snow_block":5,"minecraft:porkchop":30,"minecraft:dried_kelp":3,"minecraft:diorite":34,"minecraft:rabbit_foot":1,"iceandfire:armor_silver_metal_boots":1,"minecraft:stone_sword":1,"minecraft:rotten_flesh":57,"minecraft:cod":3,"minecraft:snowball":199,"alexsmobs:lobster_tail":9,"minecraft:cobblestone":718,"minecraft:birch_log":12,"minecraft:feather":5,"minecraft:birch_slab":10,"minecraft:water_bucket":4,"minecraft:andesite":4,"minecraft:potato":19,"minecraft:flint":2,"minecraft:tuff":25,"minecraft:map":4,"minecraft:lapis_lazuli":52,"minecraft:lantern":4,"minecraft:dirt":497,"minecraft:glass":3,"minecraft:bone":27,"minecraft:bow":2,"minecraft:wheat_seeds":54,"minecraft:raw_gold":17,"minecraft:oak_planks":594,"minecraft:cooked_porkchop":3,"minecraft:oak_pressure_plate":1,"minecraft:sand":402,"minecraft:stripped_spruce_log":2,"minecraft:ink_sac":32,"alexsmobs:animal_dictionary":11,"minecraft:diamond":12,"minecraft:spruce_boat":5,"minecraft:crossbow":1,"minecraft:granite":36,"minecraft:bone_meal":2,"minecraft:bread":1,"minecraft:emerald":1,"alexsmobs:maggot":19,"minecraft:oak_sapling":15,"minecraft:light_gray_carpet":3,"iceandfire:raw_silver":23,"minecraft:crafting_table":20,"minecraft:chicken":3,"minecraft:wooden_pickaxe":7,"minecraft:cooked_rabbit":1,"minecraft:chain":4,"minecraft:cornflower":1,"minecraft:red_bed":2,"minecraft:iron_axe":1,"minecraft:wooden_sword":6,"minecraft:compass":4,"minecraft:iron_shovel":4,"minecraft:glass_pane":65,"iceandfire:graveyard_soil":3,"minecraft:beef":17,"minecraft:oak_boat":3,"minecraft:poppy":7,"minecraft:spruce_slab":2,"minecraft:light_gray_wool":4,"alexsmobs:cooked_lobster_tail":3,"minecraft:sugar_cane":60,"minecraft:chest":3,"minecraft:egg":5,"minecraft:raw_iron":158,"minecraft:spruce_fence":2,"minecraft:fire_charge":4,"minecraft:carrot":13,"minecraft:redstone":18,"minecraft:dark_oak_planks":18,"iceandfire:silver_ingot":15,"minecraft:stone_shovel":3,"minecraft:arrow":28,"minecraft:cooked_cod":18,"minecraft:peony":11,"minecraft:pumpkin_pie":1,"minecraft:golden_hoe":3,"minecraft:gold_ingot":30,"minecraft:white_wool":2,"minecraft:purple_dye":1,"minecraft:glow_ink_sac":14,"minecraft:salmon":15,"minecraft:leather":8,"minecraft:filled_map":7,"minecraft:birch_planks":54,"alexsmobs:cachalot_whale_tooth":21,"minecraft:oak_log":193,"iceandfire:ectoplasm":9,"minecraft:gunpowder":2,"minecraft:blue_bed":1,"minecraft:paper":20,"minecraft:apple":1,"minecraft:stone_bricks":3,"minecraft:kelp":2,"iceandfire:armor_silver_metal_helmet":1,"minecraft:iron_ingot":64,"minecraft:rabbit_hide":5,"minecraft:stone_pickaxe":3,"minecraft:iron_sword":4,"minecraft:book":1,"minecraft:oak_slab":33,"minecraft:pumpkin":7,"minecraft:gravel":15,"minecraft:spruce_sapling":7,"minecraft:white_bed":6,"minecraft:spruce_log":15,"minecraft:spider_eye":1,"minecraft:stone_axe":3,"minecraft:iron_helmet":1,"minecraft:baked_potato":4,"minecraft:pink_dye":2,"minecraft:coal":143}},"DataVersion":3465}