{"stats":{"minecraft:killed":{"minecraft:pig":4,"minecraft:spider":4,"minecraft:skeleton":2,"minecraft:pillager":2,"alexsmobs:cockroach":1,"minecraft:zombie":3,"iceandfire:ghost":1,"minecraft:chicken":2,"alexsmobs:fly":1,"minecraft:cow":1},"minecraft:crafted":{"minecraft:red_dye":3,"minecraft:wooden_sword":2,"minecraft:cooked_porkchop":9,"minecraft:crafting_table":2,"minecraft:spruce_planks":36,"minecraft:wooden_pickaxe":1,"minecraft:cooked_salmon":4,"minecraft:air":0,"minecraft:stick":6,"minecraft:stone_sword":1,"minecraft:torch":2},"minecraft:custom":{"minecraft:interact_with_furnace":15,"minecraft:mob_kills":21,"minecraft:interact_with_crafting_table":4,"minecraft:interact_with_cartography_table":1,"minecraft:interact_with_grindstone":2,"minecraft:leave_game":8,"minecraft:time_since_death":64081,"minecraft:sleep_in_bed":6,"minecraft:time_since_rest":25296,"minecraft:sprint_one_cm":189404,"minecraft:damage_taken":2347,"minecraft:walk_one_cm":489506,"minecraft:drop":39,"minecraft:damage_dealt":3847,"minecraft:swim_one_cm":4230,"minecraft:player_kills":1,"minecraft:talked_to_villager":2,"minecraft:fly_one_cm":241776,"minecraft:open_chest":4,"minecraft:crouch_one_cm":584,"minecraft:play_time":112395,"minecraft:deaths":5,"minecraft:sneak_time":178,"minecraft:walk_under_water_one_cm":42918,"minecraft:boat_one_cm":152374,"minecraft:jump":1200,"minecraft:interact_with_blast_furnace":1,"minecraft:walk_on_water_one_cm":15227,"minecraft:total_world_time":112395,"minecraft:fall_one_cm":20543},"minecraft:mined":{"minecraft:torch":3,"minecraft:crafting_table":1,"minecraft:grass_block":4,"minecraft:poppy":3,"minecraft:spruce_leaves":12,"minecraft:sugar_cane":1,"minecraft:blue_bed":1,"minecraft:wall_torch":3,"minecraft:large_fern":2,"minecraft:furnace":2,"minecraft:carrots":1,"minecraft:ice":9,"minecraft:spruce_log":11,"minecraft:grass":1,"minecraft:potatoes":1,"minecraft:coal_ore":21,"minecraft:dirt":10,"minecraft:packed_ice":11,"minecraft:stone":18,"minecraft:fern":2},"minecraft:killed_by":{"minecraft:creeper":1,"minecraft:zombie":1,"minecraft:pillager":2,"minecraft:iron_golem":1},"minecraft:picked_up":{"minecraft:wooden_axe":4,"minecraft:crafting_table":7,"minecraft:feather":1,"minecraft:chicken":2,"minecraft:salmon":5,"minecraft:leather":2,"minecraft:wooden_pickaxe":6,"minecraft:potato":18,"minecraft:filled_map":6,"minecraft:cooked_rabbit":1,"minecraft:flint":1,"minecraft:red_bed":1,"minecraft:blue_bed":1,"minecraft:map":4,"minecraft:dirt":103,"minecraft:string":8,"minecraft:lantern":3,"minecraft:wooden_sword":6,"minecraft:compass":4,"minecraft:bone":5,"minecraft:bow":1,"iceandfire:frost_lily":1,"minecraft:spruce_planks":22,"minecraft:beef":3,"minecraft:light_gray_wool":4,"minecraft:poppy":3,"minecraft:spruce_slab":2,"minecraft:sugar_cane":25,"minecraft:furnace":2,"minecraft:tipped_arrow":1,"minecraft:stick":19,"minecraft:torch":5,"minecraft:gravel":1,"minecraft:spruce_stairs":2,"minecraft:spruce_fence":2,"minecraft:snow_block":2,"minecraft:porkchop":9,"minecraft:stripped_spruce_log":2,"minecraft:spruce_sapling":5,"minecraft:carrot":4,"minecraft:white_bed":4,"minecraft:spruce_log":15,"minecraft:rabbit_foot":1,"alexsmobs:animal_dictionary":11,"minecraft:dark_oak_planks":18,"minecraft:arrow":3,"minecraft:stone_sword":1,"minecraft:rotten_flesh":5,"minecraft:spruce_boat":5,"minecraft:baked_potato":4,"alexsmobs:maggot":1,"minecraft:cod":2,"minecraft:coal":31,"minecraft:snowball":166,"minecraft:cobblestone":24},"minecraft:dropped":{"minecraft:iron_ingot":5,"minecraft:bread":1,"minecraft:stone_sword":1,"alexsmobs:animal_dictionary":3,"minecraft:crafting_table":1,"minecraft:cooked_porkchop":2,"minecraft:cobblestone":8,"minecraft:lantern":1,"minecraft:rabbit_foot":1,"minecraft:flint":1,"minecraft:filled_map":1,"minecraft:potato":12,"minecraft:tipped_arrow":1,"minecraft:spruce_planks":12,"minecraft:cooked_salmon":3,"minecraft:map":1,"minecraft:spruce_log":1,"minecraft:wooden_sword":1,"minecraft:bow":1,"minecraft:arrow":3,"minecraft:red_dye":1,"minecraft:bone":5},"minecraft:broken":{"minecraft:wooden_sword":1},"minecraft:used":{"minecraft:stone_sword":132,"minecraft:baked_potato":4,"minecraft:spruce_planks":9,"minecraft:wooden_pickaxe":41,"minecraft:cooked_salmon":1,"minecraft:torch":7,"minecraft:salmon":1,"minecraft:dirt":11,"minecraft:crafting_table":3,"minecraft:white_bed":1,"minecraft:carrot":4,"minecraft:cod":2,"minecraft:snowball":37,"minecraft:spruce_log":1,"minecraft:spruce_boat":4,"minecraft:wooden_axe":1,"alexsmobs:maggot":1,"minecraft:apple":3,"minecraft:lantern":1,"minecraft:bread":1,"minecraft:wooden_sword":72,"minecraft:furnace":2,"minecraft:cooked_porkchop":6,"minecraft:cooked_rabbit":1,"alexsmobs:animal_dictionary":5,"minecraft:potato":9}},"DataVersion":3465}