{"stats":{"minecraft:custom":{"minecraft:animals_bred":1,"minecraft:interact_with_crafting_table":102,"minecraft:leave_game":24,"minecraft:time_since_death":157821,"minecraft:sprint_one_cm":537502,"minecraft:damage_blocked_by_shield":5225,"minecraft:drop":126,"minecraft:talked_to_villager":16,"minecraft:play_time":983735,"minecraft:deaths":25,"minecraft:jump":9190,"minecraft:walk_on_water_one_cm":244200,"minecraft:interact_with_furnace":128,"minecraft:interact_with_cartography_table":1,"minecraft:sleep_in_bed":23,"minecraft:waystone_activated":1,"minecraft:damage_dealt":62600,"minecraft:player_kills":2,"minecraft:crouch_one_cm":24368,"minecraft:mob_kills":306,"minecraft:climb_one_cm":23827,"minecraft:walk_one_cm":4917700,"minecraft:raid_win":1,"minecraft:sneak_time":8715,"minecraft:walk_under_water_one_cm":269197,"minecraft:boat_one_cm":831987,"minecraft:interact_with_blast_furnace":2,"minecraft:total_world_time":983735,"minecraft:interact_with_grindstone":2,"minecraft:time_since_rest":95089,"minecraft:damage_taken":15959,"minecraft:trigger_trapped_chest":54,"minecraft:swim_one_cm":126884,"minecraft:fly_one_cm":764046,"minecraft:open_chest":400,"minecraft:fall_one_cm":147844},"minecraft:crafted":{"minecraft:oak_planks":192,"minecraft:oak_pressure_plate":1,"iceandfire:armor_silver_metal_chestplate":1,"minecraft:chest":9,"minecraft:oak_slab":6,"minecraft:cooked_porkchop":11,"waystones:return_scroll":3,"minecraft:crafting_table":17,"minecraft:spruce_planks":50,"minecraft:wooden_pickaxe":2,"minecraft:baked_potato":7,"minecraft:iron_chestplate":1,"minecraft:paper":9,"minecraft:diamond_pickaxe":4,"minecraft:purple_dye":1,"minecraft:shield":3,"minecraft:stick":126,"minecraft:iron_ingot":208,"minecraft:iron_pickaxe":5,"minecraft:stone_sword":2,"minecraft:snow_block":12,"minecraft:gold_ingot":17,"minecraft:wooden_sword":3,"minecraft:raw_iron":18,"iceandfire:dragon_stick":1,"minecraft:furnace":6,"iceandfire:dragon_flute":1,"minecraft:bone_meal":72,"minecraft:pink_dye":2,"minecraft:iron_axe":8,"minecraft:iron_hoe":1,"minecraft:stone_pickaxe":10,"iceandfire:armor_silver_metal_boots":1,"minecraft:cooked_beef":3,"minecraft:red_dye":4,"minecraft:cooked_cod":5,"iceandfire:silver_ingot":24,"alexsmobs:cooked_lobster_tail":3,"minecraft:iron_sword":1,"minecraft:cooked_salmon":9,"minecraft:bucket":2,"minecraft:stone_axe":5,"minecraft:air":0,"minecraft:blue_dye":1,"minecraft:oak_boat":1,"iceandfire:armor_silver_metal_helmet":1,"iceandfire:stymphalian_bird_dagger":1,"minecraft:wooden_axe":1,"minecraft:iron_leggings":1,"minecraft:iron_shovel":1,"minecraft:torch":162},"minecraft:mined":{"minecraft:spruce_planks":2,"minecraft:white_bed":1,"iceandfire:graveyard_soil":1,"minecraft:obsidian":21,"minecraft:granite":33,"minecraft:grass_block":102,"minecraft:soul_soil":67,"minecraft:spawner":1,"minecraft:raw_iron_block":2,"minecraft:glowstone":1,"minecraft:iron_ore":178,"minecraft:cobbled_deepslate":10,"minecraft:fire":2,"minecraft:iron_bars":9,"minecraft:deepslate_redstone_ore":39,"minecraft:blackstone":26,"minecraft:soul_fire":6,"minecraft:torch":7,"minecraft:poppy":4,"iceandfire:ghost_chest":2,"minecraft:chest":5,"minecraft:nether_quartz_ore":8,"minecraft:cobblestone":36,"minecraft:oak_planks":52,"minecraft:sugar_cane":5,"minecraft:wall_torch":18,"minecraft:skeleton_skull":3,"minecraft:wheat":39,"minecraft:wither_rose":2,"minecraft:grass":66,"minecraft:oak_log":176,"minecraft:sand":202,"minecraft:dirt":116,"minecraft:netherrack":317,"minecraft:oak_leaves":94,"minecraft:deepslate":1757,"minecraft:nether_gold_ore":22,"minecraft:crying_obsidian":3,"minecraft:tuff":260,"iceandfire:silver_ore":33,"minecraft:mossy_cobblestone":1,"minecraft:dark_oak_leaves":1,"minecraft:deepslate_diamond_ore":48,"minecraft:glow_lichen":1,"minecraft:crimson_roots":1,"iceandfire:deepslate_silver_ore":6,"minecraft:spruce_leaves":12,"iceandfire:chared_grass":1,"minecraft:large_fern":4,"minecraft:furnace":3,"minecraft:carrots":42,"minecraft:snow":51,"minecraft:andesite":34,"minecraft:stripped_spruce_log":4,"minecraft:peony":6,"minecraft:gold_block":3,"minecraft:bell":1,"minecraft:rail":59,"minecraft:potatoes":40,"minecraft:vine":21,"minecraft:cobblestone_slab":3,"minecraft:deepslate_iron_ore":101,"minecraft:packed_ice":26,"iceandfire:frost_lily":1,"minecraft:stone":1015,"minecraft:bone_block":42,"minecraft:soul_sand":29,"minecraft:basalt":40,"minecraft:spruce_door":1,"minecraft:crafting_table":9,"minecraft:cornflower":2,"minecraft:emerald_ore":2,"minecraft:copper_ore":10,"minecraft:tall_grass":13,"minecraft:deepslate_gold_ore":44,"minecraft:lapis_ore":8,"minecraft:diorite":27,"minecraft:blue_bed":1,"minecraft:ice":18,"minecraft:spruce_log":11,"minecraft:coal_ore":279,"minecraft:gravel":76,"minecraft:cobweb":60,"minecraft:cracked_stone_bricks":1,"minecraft:stone_bricks":3,"minecraft:gold_ore":14,"minecraft:infested_stone":1,"minecraft:fern":2},"minecraft:killed_by":{"minecraft:creeper":1,"minecraft:pillager":2,"minecraft:zombie":5,"alexsmobs:grizzly_bear":1,"iceandfire:fire_dragon":2,"minecraft:player":2,"minecraft:iron_golem":1,"alexsmobs:centipede_head":2,"minecraft:skeleton":3,"iceandfire:ghost":4},"minecraft:broken":{"minecraft:iron_shovel":1,"minecraft:leather_leggings":1,"minecraft:stone_pickaxe":3,"minecraft:diamond_pickaxe":1,"minecraft:wooden_sword":1,"minecraft:stone_axe":2,"minecraft:iron_sword":1,"minecraft:stone_shovel":2,"minecraft:stone_sword":1,"minecraft:wooden_pickaxe":1,"minecraft:iron_axe":3,"minecraft:iron_pickaxe":3},"minecraft:dropped":{"minecraft:iron_sword":2,"minecraft:birch_planks":36,"minecraft:oak_log":128,"minecraft:diamond":4,"minecraft:crafting_table":1,"minecraft:cooked_porkchop":2,"minecraft:lantern":1,"minecraft:chest_minecart":1,"iceandfire:ectoplasm":4,"minecraft:flint":1,"minecraft:dirt":25,"minecraft:cooked_cod":5,"minecraft:wooden_sword":2,"minecraft:iron_pickaxe":1,"iceandfire:armor_silver_metal_helmet":1,"minecraft:birch_log":12,"minecraft:bone":12,"minecraft:gravel":52,"minecraft:stone_axe":1,"alexsmobs:animal_dictionary":3,"minecraft:cobbled_deepslate":295,"minecraft:oak_planks":125,"alexsmobs:cachalot_whale_tooth":1,"minecraft:carrot":32,"minecraft:rabbit_foot":1,"minecraft:tipped_arrow":1,"iceandfire:armor_silver_metal_boots":1,"minecraft:gunpowder":2,"minecraft:arrow":3,"minecraft:water_bucket":1,"minecraft:iron_ingot":17,"minecraft:bread":1,"minecraft:wheat_seeds":3,"minecraft:mossy_cobblestone":1,"minecraft:iron_helmet":1,"minecraft:cobblestone":61,"minecraft:spruce_door":2,"minecraft:stick":1,"minecraft:cooked_salmon":4,"minecraft:map":1,"waystones:return_scroll":2,"minecraft:iron_leggings":1,"minecraft:iron_axe":1,"minecraft:red_dye":1,"minecraft:stone_sword":1,"minecraft:tuff":35,"minecraft:iron_boots":1,"minecraft:iron_hoe":1,"minecraft:filled_map":1,"minecraft:potato":12,"minecraft:shield":1,"minecraft:spruce_planks":12,"iceandfire:silver_ingot":2,"minecraft:wooden_shovel":2,"minecraft:stone_bricks":3,"minecraft:spruce_log":1,"minecraft:bow":2,"minecraft:bell":1},"minecraft:killed":{"alexsmobs:lobster":4,"minecraft:cave_spider":1,"minecraft:spider":16,"minecraft:cod":2,"iceandfire:stymphalian_bird":2,"minecraft:skeleton":46,"minecraft:chicken":6,"minecraft:silverfish":2,"minecraft:magma_cube":1,"minecraft:pig":5,"minecraft:salmon":3,"alexsmobs:seal":1,"minecraft:creeper":6,"minecraft:pillager":8,"minecraft:zombie":105,"alexsmobs:fly":5,"minecraft:cow":9,"minecraft:vindicator":1,"alexsmobs:seagull":3,"alexsmobs:underminer":1,"minecraft:drowned":1,"iceandfire:troll":1,"minecraft:bat":1,"alexsmobs:catfish":1,"alexsmobs:crocodile":1,"alexsmobs:cockroach":2,"iceandfire:ghost":65,"alexsmobs:crow":1,"minecraft:enderman":5},"minecraft:used":{"iceandfire:lectern":1,"minecraft:peony":4,"minecraft:iron_shovel":268,"iceandfire:dragon_skull_ice":3,"minecraft:chest":8,"minecraft:shield":263,"minecraft:iron_sword":238,"minecraft:rotten_flesh":9,"minecraft:iron_chestplate":2,"minecraft:carrot":202,"minecraft:tuff":14,"minecraft:snowball":37,"minecraft:obsidian":14,"minecraft:spruce_boat":4,"minecraft:lava_bucket":6,"alexsmobs:lobster_tail":2,"minecraft:lantern":1,"alexsmobs:cooked_lobster_tail":2,"iceandfire:ghost_chest":1,"minecraft:iron_helmet":1,"minecraft:bow":13,"minecraft:oak_sapling":14,"minecraft:furnace":9,"minecraft:cooked_cod":6,"minecraft:potato":49,"minecraft:diorite":8,"minecraft:oak_planks":237,"minecraft:stone_pickaxe":658,"minecraft:blackstone":3,"minecraft:wooden_pickaxe":109,"iceandfire:stymphalian_bird_dagger":265,"iceandfire:armor_silver_metal_boots":1,"minecraft:sand":1,"minecraft:crossbow":8,"minecraft:bread":4,"minecraft:gravel":4,"minecraft:wooden_sword":72,"minecraft:cooked_rabbit":1,"minecraft:chest_minecart":1,"minecraft:oak_boat":8,"minecraft:stone_sword":184,"minecraft:stone_shovel":129,"minecraft:spruce_planks":11,"minecraft:cooked_salmon":6,"minecraft:netherrack":40,"minecraft:torch":195,"minecraft:dirt":134,"iceandfire:armor_silver_metal_helmet":1,"minecraft:granite":10,"minecraft:wooden_axe":15,"alexsmobs:maggot":1,"minecraft:iron_axe":826,"iceandfire:copper_axe":16,"alexsmobs:ghostly_pickaxe":4,"minecraft:basalt":19,"minecraft:beef":1,"minecraft:cooked_beef":1,"minecraft:cobbled_deepslate":164,"minecraft:iron_leggings":2,"minecraft:wheat_seeds":41,"minecraft:water_bucket":44,"minecraft:baked_potato":38,"minecraft:birch_boat":14,"minecraft:salmon":1,"minecraft:oak_slab":4,"minecraft:red_bed":1,"minecraft:crafting_table":23,"minecraft:white_bed":3,"minecraft:cod":4,"minecraft:spruce_log":1,"iceandfire:armor_silver_metal_chestplate":1,"minecraft:diamond_pickaxe":2871,"minecraft:apple":4,"minecraft:chicken":1,"minecraft:iron_pickaxe":992,"minecraft:stone_axe":201,"minecraft:chiseled_stone_bricks":1,"minecraft:cobblestone":572,"minecraft:cooked_porkchop":21,"minecraft:bucket":52,"minecraft:pumpkin_pie":1,"alexsmobs:animal_dictionary":7},"minecraft:picked_up":{"minecraft:wooden_axe":4,"minecraft:iron_chestplate":2,"minecraft:wheat":38,"minecraft:wither_rose":4,"minecraft:enchanted_book":2,"minecraft:golden_shovel":5,"minecraft:stone_brick_stairs":4,"iceandfire:armor_silver_metal_chestplate":2,"iceandfire:manuscript":14,"minecraft:string":93,"minecraft:raw_copper":101,"minecraft:soul_soil":57,"minecraft:cooked_salmon":23,"minecraft:iron_leggings":3,"minecraft:gold_nugget":178,"minecraft:cobbled_deepslate":1973,"minecraft:bucket":1,"iceandfire:frost_lily":3,"minecraft:spruce_planks":62,"minecraft:red_dye":1,"minecraft:rose_bush":1,"minecraft:cobblestone_slab":2,"minecraft:wooden_shovel":2,"minecraft:iron_pickaxe":7,"minecraft:iron_boots":4,"minecraft:furnace":5,"minecraft:tipped_arrow":1,"minecraft:stick":48,"iceandfire:ghost_chest":3,"minecraft:oak_fence":12,"minecraft:torch":55,"minecraft:spruce_stairs":2,"minecraft:snow_block":5,"minecraft:porkchop":30,"minecraft:dried_kelp":3,"iceandfire:rotten_egg":1,"minecraft:diorite":35,"minecraft:rabbit_foot":1,"iceandfire:armor_silver_metal_boots":3,"minecraft:stone_sword":1,"minecraft:rotten_flesh":139,"minecraft:obsidian":43,"minecraft:iron_bars":27,"minecraft:cod":3,"minecraft:snowball":260,"alexsmobs:lobster_tail":9,"minecraft:cobblestone":1670,"minecraft:birch_log":12,"iceandfire:stymphalian_bird_dagger":1,"minecraft:feather":16,"minecraft:birch_slab":10,"minecraft:water_bucket":4,"minecraft:andesite":57,"minecraft:potato":161,"minecraft:flint":9,"minecraft:tuff":333,"minecraft:lantern":4,"minecraft:map":4,"minecraft:lapis_lazuli":52,"minecraft:dirt":694,"minecraft:name_tag":1,"minecraft:glass":3,"minecraft:bone":81,"minecraft:bow":9,"minecraft:wheat_seeds":170,"minecraft:raw_gold":67,"minecraft:bell":1,"minecraft:glowstone_dust":32,"minecraft:oak_planks":796,"minecraft:cooked_porkchop":12,"iceandfire:copper_axe":1,"minecraft:oak_pressure_plate":1,"minecraft:sand":402,"minecraft:stripped_spruce_log":6,"iceandfire:stymphalian_bird_feather":2,"minecraft:ink_sac":34,"minecraft:grass_block":1,"alexsmobs:animal_dictionary":11,"minecraft:mossy_cobblestone":1,"minecraft:diamond":58,"minecraft:spruce_boat":5,"minecraft:crossbow":5,"minecraft:granite":48,"minecraft:bone_meal":2,"minecraft:emerald":3,"minecraft:golden_horse_armor":1,"minecraft:bread":4,"alexsmobs:maggot":24,"minecraft:oak_sapling":18,"minecraft:light_gray_carpet":3,"minecraft:netherrack":276,"minecraft:crimson_roots":1,"iceandfire:raw_silver":45,"minecraft:diamond_pickaxe":1,"minecraft:crafting_table":24,"minecraft:chicken":12,"minecraft:chest_minecart":3,"minecraft:wooden_pickaxe":7,"minecraft:cooked_rabbit":1,"minecraft:gold_block":3,"minecraft:chain":6,"minecraft:shield":2,"minecraft:cornflower":3,"minecraft:red_bed":2,"minecraft:iron_axe":7,"minecraft:wooden_sword":6,"minecraft:flint_and_steel":1,"minecraft:compass":4,"minecraft:iron_shovel":4,"minecraft:blackstone":26,"minecraft:glass_pane":65,"minecraft:cracked_stone_bricks":2,"iceandfire:graveyard_soil":3,"iceandfire:bestiary":3,"minecraft:beef":17,"minecraft:oak_boat":10,"minecraft:iron_nugget":34,"minecraft:poppy":7,"minecraft:spruce_slab":2,"minecraft:light_gray_wool":4,"minecraft:chest":5,"minecraft:sugar_cane":60,"alexsmobs:cooked_lobster_tail":3,"minecraft:egg":6,"minecraft:raw_iron":356,"iceandfire:dragonbone":31,"iceandfire:troll_tusk":2,"minecraft:copper_ingot":9,"iceandfire:chared_grass":1,"minecraft:spruce_fence":2,"minecraft:fire_charge":5,"minecraft:carrot":242,"minecraft:redstone":170,"alexsmobs:crocodile_scute":4,"minecraft:dark_oak_planks":18,"iceandfire:dragon_skull_ice":4,"iceandfire:silver_ingot":16,"minecraft:arrow":93,"minecraft:stone_shovel":4,"minecraft:cooked_cod":18,"minecraft:golden_hoe":3,"minecraft:pumpkin_pie":1,"minecraft:peony":11,"minecraft:saddle":1,"minecraft:gold_ingot":60,"alexsmobs:ghostly_pickaxe":1,"minecraft:glow_berries":4,"minecraft:rail":76,"minecraft:white_wool":2,"minecraft:skeleton_skull":8,"minecraft:bone_block":72,"minecraft:purple_dye":1,"minecraft:basalt":40,"minecraft:glow_ink_sac":17,"minecraft:salmon":15,"minecraft:leather":8,"minecraft:filled_map":7,"minecraft:birch_planks":54,"alexsmobs:cachalot_whale_tooth":21,"minecraft:oak_log":198,"minecraft:chainmail_chestplate":1,"iceandfire:ectoplasm":13,"minecraft:gunpowder":5,"minecraft:blue_bed":1,"minecraft:paper":20,"minecraft:white_banner":3,"minecraft:apple":1,"minecraft:stone_bricks":12,"minecraft:kelp":2,"iceandfire:armor_silver_metal_helmet":3,"iceandfire:dragon_stick":1,"minecraft:rabbit_hide":5,"minecraft:iron_ingot":178,"minecraft:stone_pickaxe":3,"minecraft:cobweb":5,"minecraft:iron_sword":4,"minecraft:soul_sand":23,"minecraft:book":1,"minecraft:oak_slab":33,"minecraft:birch_boat":14,"minecraft:pumpkin":7,"minecraft:chiseled_stone_bricks":1,"minecraft:quartz":8,"minecraft:raw_iron_block":2,"minecraft:gravel":121,"minecraft:spruce_sapling":7,"minecraft:white_bed":6,"minecraft:spruce_log":15,"minecraft:crying_obsidian":2,"minecraft:spruce_door":2,"minecraft:spider_eye":8,"alexsmobs:raw_catfish":6,"iceandfire:dragon_flute":1,"minecraft:pumpkin_seeds":2,"minecraft:stone_axe":3,"minecraft:iron_helmet":2,"minecraft:oak_button":4,"minecraft:baked_potato":31,"minecraft:pink_dye":2,"minecraft:coal":361,"minecraft:ender_pearl":3}},"DataVersion":3465}