{"stats":{"minecraft:killed":{"alexsmobs:lobster":3,"minecraft:spider":5,"minecraft:skeleton":3,"minecraft:chicken":2,"minecraft:pig":5,"alexsmobs:seal":1,"minecraft:creeper":2,"minecraft:pillager":2,"alexsmobs:cockroach":1,"minecraft:zombie":4,"iceandfire:ghost":4,"alexsmobs:fly":2,"minecraft:cow":1},"minecraft:crafted":{"minecraft:wooden_sword":3,"minecraft:oak_planks":62,"minecraft:furnace":3,"minecraft:stone_pickaxe":1,"minecraft:chest":1,"minecraft:cooked_beef":3,"minecraft:red_dye":3,"iceandfire:silver_ingot":6,"minecraft:cooked_porkchop":11,"minecraft:crafting_table":6,"minecraft:spruce_planks":50,"minecraft:wooden_pickaxe":2,"minecraft:cooked_salmon":4,"minecraft:stone_axe":1,"minecraft:air":0,"minecraft:paper":3,"minecraft:stick":14,"minecraft:wooden_axe":1,"minecraft:stone_sword":2,"minecraft:torch":2},"minecraft:custom":{"minecraft:mob_kills":35,"minecraft:interact_with_crafting_table":19,"minecraft:leave_game":10,"minecraft:time_since_death":49883,"minecraft:climb_one_cm":212,"minecraft:sprint_one_cm":277709,"minecraft:walk_one_cm":926218,"minecraft:drop":41,"minecraft:talked_to_villager":2,"minecraft:play_time":183311,"minecraft:deaths":7,"minecraft:sneak_time":239,"minecraft:walk_under_water_one_cm":59291,"minecraft:boat_one_cm":152374,"minecraft:jump":2105,"minecraft:interact_with_blast_furnace":1,"minecraft:walk_on_water_one_cm":44434,"minecraft:total_world_time":183311,"minecraft:interact_with_furnace":42,"minecraft:interact_with_cartography_table":1,"minecraft:interact_with_grindstone":2,"minecraft:sleep_in_bed":10,"minecraft:time_since_rest":15763,"minecraft:damage_taken":3399,"minecraft:trigger_trapped_chest":1,"minecraft:damage_dealt":7053,"minecraft:swim_one_cm":11347,"minecraft:fly_one_cm":349491,"minecraft:player_kills":2,"minecraft:open_chest":20,"minecraft:crouch_one_cm":584,"minecraft:fall_one_cm":36331},"minecraft:mined":{"minecraft:white_bed":1,"iceandfire:silver_ore":7,"minecraft:grass_block":23,"minecraft:spruce_leaves":12,"minecraft:large_fern":2,"minecraft:furnace":2,"minecraft:carrots":1,"minecraft:iron_ore":9,"minecraft:peony":3,"minecraft:potatoes":1,"minecraft:packed_ice":11,"iceandfire:frost_lily":1,"minecraft:stone":94,"minecraft:crafting_table":1,"minecraft:torch":3,"minecraft:poppy":4,"minecraft:copper_ore":1,"minecraft:sugar_cane":5,"minecraft:wall_torch":3,"minecraft:blue_bed":1,"minecraft:ice":9,"minecraft:spruce_log":11,"minecraft:grass":5,"minecraft:oak_log":22,"minecraft:coal_ore":36,"minecraft:dirt":41,"minecraft:oak_leaves":6,"minecraft:fern":2},"minecraft:killed_by":{"minecraft:creeper":1,"minecraft:pillager":2,"minecraft:iron_golem":1,"minecraft:zombie":1,"iceandfire:ghost":2},"minecraft:picked_up":{"minecraft:wooden_axe":4,"minecraft:crafting_table":12,"minecraft:chicken":2,"minecraft:wooden_pickaxe":6,"minecraft:cooked_rabbit":1,"minecraft:string":9,"minecraft:red_bed":2,"minecraft:raw_copper":3,"minecraft:wooden_sword":6,"minecraft:compass":4,"iceandfire:frost_lily":2,"minecraft:spruce_planks":60,"minecraft:beef":3,"minecraft:red_dye":1,"minecraft:spruce_slab":2,"minecraft:poppy":4,"minecraft:iron_pickaxe":1,"minecraft:light_gray_wool":4,"minecraft:sugar_cane":42,"minecraft:furnace":4,"minecraft:tipped_arrow":1,"minecraft:raw_iron":10,"minecraft:stick":25,"minecraft:torch":5,"minecraft:spruce_stairs":2,"minecraft:spruce_fence":2,"minecraft:snow_block":3,"minecraft:porkchop":30,"minecraft:carrot":4,"minecraft:rabbit_foot":1,"minecraft:dark_oak_planks":18,"minecraft:stone_sword":1,"minecraft:arrow":6,"minecraft:rotten_flesh":9,"minecraft:peony":2,"alexsmobs:lobster_tail":3,"minecraft:snowball":177,"minecraft:cod":2,"minecraft:white_wool":2,"minecraft:cobblestone":109,"minecraft:feather":3,"minecraft:salmon":6,"minecraft:leather":2,"minecraft:potato":19,"minecraft:filled_map":6,"alexsmobs:cachalot_whale_tooth":2,"minecraft:flint":1,"minecraft:oak_log":22,"minecraft:map":4,"minecraft:blue_bed":1,"minecraft:dirt":211,"minecraft:lantern":4,"minecraft:bone":9,"minecraft:apple":1,"minecraft:bow":2,"minecraft:rabbit_hide":5,"minecraft:oak_planks":32,"minecraft:cooked_porkchop":3,"minecraft:gravel":1,"minecraft:stripped_spruce_log":2,"minecraft:spruce_sapling":7,"minecraft:ink_sac":4,"minecraft:white_bed":6,"minecraft:spruce_log":15,"alexsmobs:animal_dictionary":11,"minecraft:spruce_boat":5,"alexsmobs:maggot":4,"minecraft:baked_potato":4,"minecraft:oak_sapling":4,"minecraft:light_gray_carpet":3,"minecraft:coal":47,"iceandfire:raw_silver":8},"minecraft:dropped":{"minecraft:iron_ingot":5,"minecraft:bread":1,"minecraft:crafting_table":1,"minecraft:cooked_porkchop":2,"minecraft:cobblestone":8,"minecraft:lantern":1,"minecraft:flint":1,"minecraft:cooked_salmon":3,"minecraft:map":1,"minecraft:wooden_sword":2,"minecraft:red_dye":1,"minecraft:bone":5,"minecraft:stone_sword":1,"alexsmobs:animal_dictionary":3,"minecraft:rabbit_foot":1,"minecraft:filled_map":1,"minecraft:potato":12,"minecraft:tipped_arrow":1,"minecraft:spruce_planks":12,"iceandfire:silver_ingot":1,"minecraft:spruce_log":1,"minecraft:arrow":3,"minecraft:bow":1},"minecraft:broken":{"minecraft:stone_sword":1,"minecraft:wooden_pickaxe":1,"minecraft:wooden_sword":1},"minecraft:used":{"minecraft:peony":2,"minecraft:stone_sword":184,"minecraft:chest":1,"minecraft:spruce_planks":9,"minecraft:cooked_salmon":1,"minecraft:torch":7,"minecraft:dirt":20,"minecraft:carrot":4,"minecraft:snowball":37,"minecraft:spruce_boat":4,"minecraft:wooden_axe":15,"alexsmobs:maggot":1,"minecraft:lantern":1,"minecraft:beef":1,"minecraft:furnace":5,"minecraft:cooked_beef":1,"minecraft:potato":10,"minecraft:stone_pickaxe":49,"minecraft:baked_potato":4,"minecraft:wooden_pickaxe":109,"minecraft:salmon":1,"minecraft:crafting_table":7,"minecraft:red_bed":1,"minecraft:white_bed":3,"minecraft:cod":2,"minecraft:spruce_log":1,"minecraft:apple":4,"minecraft:bread":1,"minecraft:stone_axe":56,"minecraft:wooden_sword":72,"minecraft:cooked_porkchop":12,"minecraft:cooked_rabbit":1,"alexsmobs:animal_dictionary":5}},"DataVersion":3465}