{"stats":{"minecraft:broken":{"minecraft:iron_leggings":1,"minecraft:diamond_pickaxe":2,"minecraft:wooden_sword":1,"minecraft:iron_sword":1,"iceandfire:armor_silver_metal_chestplate":1,"minecraft:stone_sword":2,"minecraft:wooden_pickaxe":1,"iceandfire:armor_silver_metal_helmet":1,"minecraft:shield":2,"iceandfire:armor_copper_metal_leggings":1,"minecraft:iron_axe":5,"minecraft:iron_pickaxe":3,"minecraft:iron_shovel":3,"minecraft:leather_leggings":1,"minecraft:stone_pickaxe":3,"minecraft:stone_axe":3,"iceandfire:armor_silver_metal_boots":1,"minecraft:stone_shovel":5,"iceandfire:armor_copper_metal_helmet":3,"iceandfire:armor_copper_metal_chestplate":2,"iceandfire:armor_copper_metal_boots":2},"minecraft:killed":{"alexsmobs:lobster":8,"minecraft:cave_spider":1,"minecraft:cod":2,"iceandfire:stymphalian_bird":2,"minecraft:skeleton":104,"minecraft:chicken":11,"iceandfire:dread_scuttler":1,"minecraft:magma_cube":32,"minecraft:salmon":4,"alexsmobs:seal":1,"minecraft:pillager":12,"minecraft:zombie":171,"iceandfire:dread_ghoul":5,"minecraft:cow":10,"minecraft:vindicator":1,"iceandfire:dread_beast":1,"alexsmobs:seagull":9,"iceandfire:dread_knight":3,"alexsmobs:underminer":1,"alexsmobs:catfish":1,"alexsmobs:crocodile":1,"iceandfire:ghost":73,"minecraft:enderman":10,"minecraft:spider":43,"alexsmobs:froststalker":1,"minecraft:silverfish":2,"minecraft:piglin":5,"minecraft:pig":9,"minecraft:zombie_villager":1,"minecraft:creeper":15,"alexsmobs:crimson_mosquito":2,"minecraft:sheep":3,"minecraft:stray":1,"minecraft:ghast":1,"alexsmobs:fly":9,"minecraft:blaze":10,"minecraft:slime":8,"minecraft:phantom":4,"iceandfire:dread_thrall":10,"alexsmobs:bison":2,"minecraft:drowned":2,"iceandfire:troll":1,"minecraft:bat":1,"alexsmobs:cockroach":5,"alexsmobs:moose":1,"alexsmobs:crow":1,"minecraft:wither_skeleton":25},"minecraft:mined":{"minecraft:white_bed":1,"iceandfire:dread_torch":5,"minecraft:obsidian":21,"minecraft:granite":34,"minecraft:crimson_fungus":1,"minecraft:nether_wart":20,"minecraft:spawner":1,"minecraft:tall_seagrass":1,"minecraft:weeping_vines_plant":3,"minecraft:cobbled_deepslate":17,"minecraft:fire":30,"minecraft:pumpkin":22,"minecraft:deepslate_lapis_ore":6,"iceandfire:gold_pile":7,"minecraft:oak_stairs":7,"minecraft:blue_orchid":12,"iceandfire:dread_stone_bricks_cracked":5,"minecraft:tripwire":1,"minecraft:kelp_plant":5,"minecraft:crimson_nylium":12,"minecraft:soul_fire":7,"minecraft:torch":44,"minecraft:dead_bush":3,"minecraft:sugar_cane":37,"minecraft:skeleton_skull":3,"minecraft:wheat":39,"minecraft:warped_fungus":3,"minecraft:wither_rose":3,"minecraft:grass":145,"minecraft:oak_fence_gate":3,"minecraft:deepslate":2029,"iceandfire:silver_ore":38,"minecraft:mossy_cobblestone":1,"minecraft:nether_bricks":25,"minecraft:cobbled_deepslate_slab":16,"minecraft:crimson_roots":2,"iceandfire:deepslate_silver_ore":6,"minecraft:snow":64,"minecraft:andesite":64,"minecraft:potatoes":40,"minecraft:cobblestone_slab":7,"minecraft:vine":28,"minecraft:rail":275,"minecraft:warped_stem":2,"iceandfire:frost_lily":1,"minecraft:bone_block":42,"minecraft:oak_slab":1,"minecraft:glass_pane":3,"minecraft:soul_sand":33,"minecraft:dandelion":1,"minecraft:cobbled_deepslate_wall":27,"minecraft:cornflower":12,"minecraft:emerald_ore":5,"minecraft:lightning_rod":4,"minecraft:tall_grass":46,"minecraft:copper_ore":67,"minecraft:deepslate_gold_ore":59,"minecraft:diorite":38,"minecraft:cobblestone_wall":18,"minecraft:spruce_log":18,"minecraft:birch_leaves":1,"minecraft:gravel":238,"minecraft:cobweb":60,"minecraft:stone_bricks":5,"minecraft:gold_ore":14,"minecraft:fern":2,"minecraft:infested_stone":1,"minecraft:spruce_planks":2,"iceandfire:graveyard_soil":1,"minecraft:cobblestone_stairs":46,"minecraft:grass_block":949,"iceandfire:dread_spawner":1,"minecraft:soul_soil":67,"minecraft:raw_iron_block":2,"minecraft:glowstone":4,"minecraft:iron_ore":197,"minecraft:iron_bars":9,"minecraft:deepslate_redstone_ore":51,"minecraft:blackstone":26,"minecraft:poppy":16,"iceandfire:ghost_chest":3,"minecraft:chest":7,"minecraft:nether_quartz_ore":87,"minecraft:cobblestone":83,"minecraft:oak_planks":303,"minecraft:wall_torch":50,"minecraft:deepslate_copper_ore":2,"minecraft:powered_rail":35,"minecraft:nether_wart_block":3,"minecraft:activator_rail":1,"iceandfire:dread_stone_bricks_mossy":4,"minecraft:oak_log":296,"minecraft:sand":207,"minecraft:dirt":590,"minecraft:netherrack":972,"minecraft:oak_leaves":203,"iceandfire:dread_stone_bricks":9,"minecraft:nether_gold_ore":42,"minecraft:crying_obsidian":3,"minecraft:tuff":267,"minecraft:dark_oak_leaves":1,"minecraft:deepslate_diamond_ore":48,"minecraft:oak_door":3,"minecraft:glow_lichen":1,"gravestone:gravestone":3,"minecraft:ladder":6,"minecraft:spruce_leaves":23,"minecraft:crimson_stem":5,"iceandfire:chared_grass":1,"minecraft:large_fern":5,"minecraft:furnace":4,"minecraft:carrots":106,"minecraft:stripped_spruce_log":4,"minecraft:bell":1,"minecraft:peony":6,"minecraft:gold_block":3,"minecraft:nether_brick_fence":2,"minecraft:deepslate_iron_ore":116,"minecraft:shroomlight":1,"minecraft:lantern":3,"minecraft:packed_ice":26,"minecraft:stone":1696,"minecraft:basalt":41,"minecraft:spruce_door":2,"minecraft:oak_fence":87,"minecraft:crafting_table":13,"minecraft:lectern":3,"minecraft:lapis_ore":16,"minecraft:blue_bed":1,"minecraft:birch_planks":2,"minecraft:redstone_torch":22,"minecraft:ice":50,"minecraft:coal_ore":448,"minecraft:cracked_stone_bricks":1},"minecraft:picked_up":{"minecraft:wooden_axe":6,"iceandfire:dread_stone_bricks":7,"minecraft:iron_chestplate":3,"minecraft:oak_stairs":7,"minecraft:wither_rose":6,"minecraft:enchanted_book":2,"minecraft:golden_shovel":5,"iceandfire:manuscript":24,"minecraft:string":161,"iceandfire:dragonbone_pickaxe":3,"minecraft:soul_soil":57,"minecraft:cooked_salmon":23,"minecraft:shroomlight":2,"minecraft:gold_nugget":570,"minecraft:cobbled_deepslate":2230,"minecraft:spruce_planks":62,"iceandfire:dread_torch":9,"minecraft:lightning_rod":6,"minecraft:rabbit_foot":1,"iceandfire:armor_silver_metal_boots":3,"minecraft:stone_sword":3,"minecraft:blaze_rod":8,"minecraft:iron_bars":27,"minecraft:snowball":298,"alexsmobs:lobster_tail":11,"minecraft:birch_log":12,"iceandfire:sapphire_gem":9,"minecraft:feather":32,"minecraft:cooked_beef":6,"minecraft:birch_slab":15,"minecraft:water_bucket":6,"alexsmobs:bison_fur":1,"minecraft:flint":21,"minecraft:map":4,"minecraft:lantern":8,"minecraft:glowstone_dust":39,"rustic_engineer:book_abyssal_submarine":1,"minecraft:stripped_spruce_log":6,"iceandfire:stymphalian_bird_feather":2,"minecraft:ink_sac":38,"alexsmobs:animal_dictionary":11,"minecraft:granite":49,"iceandfire:dragonbone_bow":1,"minecraft:golden_horse_armor":1,"minecraft:bread":16,"alexsmobs:maggot":30,"minecraft:light_gray_carpet":3,"minecraft:crimson_roots":1,"iceandfire:raw_silver":54,"minecraft:diamond_pickaxe":4,"minecraft:crafting_table":28,"iceandfire:witherbone":32,"minecraft:nether_wart":22,"iceandfire:dragonbone_arrow":4,"alexsmobs:froststalker_horn":2,"gravestone:obituary":2,"minecraft:cornflower":19,"minecraft:red_bed":2,"minecraft:flint_and_steel":1,"minecraft:compass":4,"minecraft:iron_shovel":5,"minecraft:glass_pane":65,"minecraft:cracked_stone_bricks":2,"iceandfire:graveyard_soil":3,"iceandfire:bestiary":10,"minecraft:beef":35,"iceandfire:dread_shard":50,"minecraft:iron_nugget":42,"minecraft:poppy":23,"minecraft:spruce_slab":2,"minecraft:minecart":3,"minecraft:chest":6,"alexsmobs:cooked_lobster_tail":3,"minecraft:egg":46,"minecraft:oak_door":3,"minecraft:spruce_fence":2,"minecraft:fire_charge":5,"iceandfire:armor_copper_metal_boots":3,"minecraft:carrot":684,"minecraft:redstone":225,"iceandfire:dragon_skull_ice":11,"minecraft:tnt":6,"minecraft:stone_shovel":4,"minecraft:cooked_cod":18,"minecraft:peony":11,"minecraft:hay_block":1,"minecraft:gold_ingot":60,"minecraft:glow_berries":4,"minecraft:mutton":4,"minecraft:white_wool":5,"minecraft:bone_block":72,"minecraft:rail":300,"minecraft:filled_map":7,"minecraft:oak_log":317,"minecraft:lily_pad":5,"iceandfire:armor_copper_metal_helmet":1,"minecraft:blue_bed":1,"minecraft:paper":24,"minecraft:white_banner":3,"minecraft:stone_bricks":14,"minecraft:apple":6,"minecraft:kelp":63,"alexsmobs:cockroach_wing_fragment":1,"minecraft:warped_stem":2,"minecraft:oak_fence_gate":3,"minecraft:stone_pickaxe":3,"minecraft:cobweb":5,"minecraft:glass_bottle":10,"minecraft:iron_sword":5,"iceandfire:dragonbone_sword":14,"minecraft:gravel":316,"minecraft:birch_stairs":1,"minecraft:spruce_sapling":7,"minecraft:spruce_log":26,"minecraft:crying_obsidian":2,"iceandfire:dragon_flute":2,"minecraft:slime_ball":10,"minecraft:stone_axe":3,"minecraft:oak_button":4,"minecraft:baked_potato":218,"minecraft:pink_dye":2,"minecraft:ender_pearl":6,"minecraft:wheat":38,"iceandfire:armor_copper_metal_chestplate":6,"minecraft:stone_brick_stairs":4,"iceandfire:armor_silver_metal_chestplate":2,"minecraft:raw_copper":305,"minecraft:iron_leggings":4,"minecraft:activator_rail":3,"iceandfire:frost_lily":5,"minecraft:bucket":2,"comforts:sleeping_bag_white":2,"minecraft:red_dye":1,"waystones:return_scroll":26,"minecraft:rose_bush":1,"minecraft:redstone_torch":59,"minecraft:cobblestone_slab":6,"iceandfire:wither_shard":2,"minecraft:wooden_shovel":2,"minecraft:iron_pickaxe":7,"minecraft:iron_boots":8,"minecraft:furnace":6,"minecraft:tipped_arrow":3,"minecraft:stick":80,"iceandfire:ghost_chest":5,"iceandfire:armor_copper_metal_leggings":2,"minecraft:oak_fence":99,"minecraft:torch":235,"minecraft:spruce_stairs":2,"minecraft:porkchop":31,"minecraft:snow_block":5,"minecraft:dried_kelp":3,"iceandfire:rotten_egg":1,"minecraft:diorite":46,"minecraft:rotten_flesh":221,"minecraft:obsidian":43,"minecraft:cod":3,"minecraft:cobblestone":2417,"iceandfire:stymphalian_bird_dagger":1,"minecraft:andesite":87,"minecraft:potato":161,"minecraft:tuff":340,"minecraft:lapis_lazuli":177,"minecraft:dirt":2180,"minecraft:name_tag":1,"minecraft:glass":77,"minecraft:bone":218,"minecraft:bow":16,"minecraft:wheat_seeds":190,"minecraft:cobbled_deepslate_wall":29,"minecraft:raw_gold":82,"minecraft:cobbled_deepslate_slab":12,"minecraft:bell":1,"minecraft:powered_rail":41,"minecraft:oak_planks":1074,"minecraft:cooked_porkchop":12,"iceandfire:copper_axe":2,"minecraft:oak_pressure_plate":1,"minecraft:sand":444,"minecraft:grass_block":3,"minecraft:mossy_cobblestone":1,"minecraft:diamond":58,"minecraft:spruce_boat":6,"iceandfire:fire_dragon_blood":7,"iceandfire:dragonbone_sword_fire":1,"iceandfire:dread_stone_bricks_mossy":3,"minecraft:crossbow":11,"minecraft:bone_meal":2,"minecraft:golden_apple":7,"alexsmobs:moose_ribs":2,"minecraft:emerald":8,"minecraft:oak_sapling":39,"minecraft:netherrack":780,"minecraft:chicken":17,"minecraft:ladder":6,"minecraft:chest_minecart":3,"minecraft:wooden_pickaxe":7,"minecraft:cooked_rabbit":1,"minecraft:gold_block":3,"minecraft:chain":12,"minecraft:shield":13,"minecraft:iron_axe":10,"minecraft:wooden_sword":6,"minecraft:blackstone":26,"minecraft:blue_orchid":24,"minecraft:oak_boat":25,"minecraft:light_gray_wool":4,"minecraft:lectern":3,"minecraft:sugar_cane":185,"minecraft:phantom_membrane":2,"minecraft:raw_iron":390,"iceandfire:dragonbone":186,"iceandfire:troll_tusk":6,"minecraft:copper_ingot":9,"iceandfire:chared_grass":1,"alexsmobs:crocodile_scute":4,"minecraft:dark_oak_planks":20,"minecraft:arrow":262,"iceandfire:silver_ingot":31,"minecraft:weeping_vines":1,"minecraft:pumpkin_pie":22,"minecraft:golden_hoe":3,"minecraft:nether_bricks":3,"minecraft:saddle":5,"alexsmobs:ghostly_pickaxe":1,"minecraft:skeleton_skull":13,"minecraft:purple_dye":2,"minecraft:basalt":41,"minecraft:glow_ink_sac":17,"minecraft:crimson_stem":4,"minecraft:salmon":16,"minecraft:leather":11,"minecraft:birch_planks":56,"alexsmobs:cachalot_whale_tooth":21,"minecraft:chainmail_chestplate":4,"minecraft:gunpowder":15,"iceandfire:ectoplasm":17,"iceandfire:dread_stone_bricks_cracked":5,"minecraft:nether_wart_block":6,"minecraft:cobblestone_wall":19,"minecraft:cobblestone_stairs":44,"minecraft:cooked_mutton":4,"iceandfire:armor_silver_metal_helmet":3,"iceandfire:dragon_stick":2,"minecraft:rabbit_hide":5,"minecraft:iron_ingot":195,"minecraft:soul_sand":28,"minecraft:book":3,"minecraft:oak_slab":34,"minecraft:pumpkin":28,"minecraft:warped_fungus":3,"minecraft:birch_boat":42,"iceandfire:dragon_horn":1,"minecraft:chiseled_stone_bricks":1,"iceandfire:ash":1,"minecraft:quartz":87,"minecraft:dandelion":1,"minecraft:raw_iron_block":2,"minecraft:white_bed":6,"minecraft:spruce_door":3,"minecraft:spider_eye":22,"alexsmobs:raw_catfish":8,"minecraft:pumpkin_seeds":2,"minecraft:chainmail_leggings":2,"minecraft:iron_helmet":4,"minecraft:coal":605},"minecraft:custom":{"minecraft:open_barrel":3,"minecraft:interact_with_crafting_table":215,"minecraft:leave_game":36,"minecraft:time_since_death":20862,"minecraft:damage_blocked_by_shield":9439,"minecraft:play_time":2161436,"minecraft:deaths":34,"minecraft:jump":20756,"minecraft:interact_with_furnace":171,"minecraft:interact_with_cartography_table":1,"minecraft:sleep_in_bed":52,"minecraft:waystone_activated":3,"minecraft:damage_dealt":115279,"minecraft:sneak_time":36176,"minecraft:interact_with_blast_furnace":2,"minecraft:total_world_time":2161436,"minecraft:time_since_rest":20894,"minecraft:swim_one_cm":334126,"minecraft:fly_one_cm":2219391,"minecraft:open_chest":1511,"minecraft:fall_one_cm":357716,"minecraft:animals_bred":5,"minecraft:sprint_one_cm":1661828,"minecraft:drop":359,"minecraft:talked_to_villager":17,"minecraft:interact_with_brewingstand":1,"minecraft:walk_on_water_one_cm":397240,"minecraft:player_kills":2,"minecraft:crouch_one_cm":109028,"minecraft:mob_kills":640,"minecraft:climb_one_cm":31683,"minecraft:walk_one_cm":10660503,"minecraft:raid_win":1,"minecraft:walk_under_water_one_cm":407505,"minecraft:boat_one_cm":3023261,"minecraft:interact_with_grindstone":2,"minecraft:damage_taken":33449,"minecraft:damage_absorbed":80,"minecraft:trigger_trapped_chest":56,"minecraft:minecart_one_cm":2115},"minecraft:dropped":{"minecraft:crimson_stem":4,"minecraft:iron_sword":4,"minecraft:diamond":4,"minecraft:crafting_table":1,"minecraft:cooked_porkchop":20,"minecraft:crossbow":1,"minecraft:weeping_vines":1,"iceandfire:ectoplasm":4,"minecraft:rail":4,"minecraft:emerald":2,"minecraft:dirt":98,"minecraft:chain":1,"minecraft:wooden_sword":2,"minecraft:bone_block":1,"minecraft:sand":37,"minecraft:iron_pickaxe":1,"iceandfire:armor_silver_metal_helmet":1,"minecraft:fishing_rod":1,"minecraft:bone":22,"minecraft:stone_axe":2,"minecraft:cobbled_deepslate":295,"alexsmobs:animal_dictionary":3,"minecraft:wheat":9,"minecraft:rotten_flesh":11,"minecraft:oak_planks":139,"alexsmobs:cachalot_whale_tooth":1,"minecraft:warped_planks":4,"minecraft:rabbit_foot":1,"alexsmobs:froststalker_horn":2,"minecraft:tipped_arrow":1,"iceandfire:ghost_chest":2,"iceandfire:bestiary":1,"iceandfire:dragonbone_sword":13,"minecraft:iron_ingot":17,"minecraft:wheat_seeds":5,"minecraft:cobbled_deepslate_wall":1,"minecraft:cobblestone":62,"minecraft:iron_helmet":5,"iceandfire:dragon_stick":2,"minecraft:spruce_door":2,"alexsmobs:raw_catfish":12,"minecraft:coal":72,"minecraft:golden_apple":11,"minecraft:golden_carrot":22,"minecraft:wooden_axe":1,"minecraft:cooked_salmon":4,"minecraft:red_dye":1,"minecraft:chainmail_leggings":2,"minecraft:iron_shovel":2,"minecraft:paper":5,"minecraft:stone_sword":1,"minecraft:cobblestone_wall":2,"minecraft:iron_boots":6,"iceandfire:dragon_skull_ice":1,"minecraft:nether_bricks":1,"minecraft:potato":12,"minecraft:shroomlight":1,"minecraft:spruce_planks":12,"minecraft:diamond_pickaxe":3,"iceandfire:silver_ingot":2,"iceandfire:dragonbone_arrow":36,"minecraft:wooden_shovel":2,"minecraft:stone_bricks":5,"minecraft:birch_boat":2,"minecraft:bow":3,"minecraft:bell":1,"minecraft:warped_stem":1,"minecraft:moss_block":3,"minecraft:birch_planks":36,"minecraft:oak_log":132,"minecraft:baked_potato":64,"minecraft:lantern":1,"minecraft:chest_minecart":1,"minecraft:flint":1,"minecraft:cooked_cod":5,"gravestone:obituary":1,"minecraft:birch_log":12,"minecraft:gravel":52,"minecraft:carrot":151,"iceandfire:armor_silver_metal_boots":1,"minecraft:gunpowder":2,"comforts:sleeping_bag_white":3,"minecraft:arrow":48,"minecraft:netherrack":70,"minecraft:water_bucket":2,"minecraft:bread":8,"minecraft:mossy_cobblestone":1,"iceandfire:wither_shard":2,"minecraft:stick":2,"iceandfire:dragon_flute":2,"minecraft:torch":36,"minecraft:nether_wart_block":2,"waystones:return_scroll":18,"minecraft:map":1,"minecraft:iron_leggings":2,"minecraft:iron_axe":2,"iceandfire:dragonbone":2,"minecraft:kelp":21,"minecraft:tuff":35,"iceandfire:dragonbone_sword_fire":1,"minecraft:iron_hoe":1,"minecraft:filled_map":1,"iceandfire:dread_torch":4,"minecraft:shield":4,"minecraft:iron_chestplate":2,"minecraft:oak_boat":1,"minecraft:oak_sapling":5,"iceandfire:dragonbone_bow":1,"minecraft:spruce_log":1,"minecraft:stone_pickaxe":1},"minecraft:crafted":{"minecraft:oak_pressure_plate":1,"waystones:waystone":1,"minecraft:bookshelf":2,"iceandfire:armor_silver_metal_chestplate":1,"iceandfire:copper_axe":1,"iceandfire:armor_copper_metal_chestplate":3,"iceandfire:dragonbone_arrow":35,"minecraft:glass_bottle":12,"minecraft:cooked_porkchop":11,"waystones:return_scroll":23,"minecraft:copper_ingot":64,"minecraft:cobbled_deepslate_wall":102,"iceandfire:wither_shard":9,"waystones:warp_stone":1,"minecraft:lectern":2,"minecraft:iron_pickaxe":5,"minecraft:gold_ingot":95,"iceandfire:dragon_horn":1,"minecraft:golden_carrot":40,"minecraft:stone_shovel":3,"minecraft:iron_nugget":81,"iceandfire:dragonbone_sword_fire":2,"iceandfire:armor_copper_metal_leggings":2,"iceandfire:dragon_flute":1,"minecraft:bone_meal":87,"minecraft:pink_dye":2,"iceandfire:armor_copper_metal_helmet":2,"minecraft:lantern":10,"minecraft:stone_pickaxe":10,"iceandfire:armor_silver_metal_boots":1,"iceandfire:dragonbone_sword":4,"minecraft:oak_fence_gate":4,"minecraft:golden_apple":7,"minecraft:wooden_axe":1,"minecraft:oak_stairs":16,"minecraft:iron_shovel":6,"minecraft:iron_leggings":1,"minecraft:oak_planks":436,"minecraft:cobblestone_slab":150,"minecraft:lightning_rod":4,"minecraft:cobblestone_stairs":112,"iceandfire:armor_copper_metal_boots":2,"minecraft:warped_planks":4,"minecraft:bow":1,"minecraft:chest":11,"iceandfire:dread_torch":4,"minecraft:oak_fence":18,"minecraft:oak_slab":6,"minecraft:arrow":128,"minecraft:crafting_table":18,"minecraft:spruce_planks":106,"minecraft:wooden_pickaxe":2,"minecraft:baked_potato":130,"iceandfire:dragonbone_bow":1,"minecraft:iron_chestplate":1,"minecraft:paper":42,"minecraft:diamond_pickaxe":6,"minecraft:purple_dye":9,"minecraft:shield":4,"minecraft:stick":266,"minecraft:iron_ingot":246,"minecraft:stone_sword":2,"minecraft:snow_block":12,"minecraft:redstone_torch":40,"minecraft:wooden_sword":3,"minecraft:cobbled_deepslate_slab":252,"minecraft:raw_iron":18,"iceandfire:dragon_stick":1,"minecraft:furnace":7,"minecraft:glass_pane":80,"minecraft:iron_axe":10,"minecraft:iron_hoe":1,"minecraft:cobblestone_wall":12,"minecraft:minecart":1,"minecraft:cooked_beef":3,"minecraft:red_dye":8,"minecraft:cooked_cod":5,"iceandfire:silver_ingot":24,"alexsmobs:cooked_lobster_tail":3,"minecraft:powered_rail":12,"minecraft:iron_sword":1,"minecraft:cooked_salmon":9,"minecraft:bucket":3,"minecraft:stone_axe":6,"minecraft:air":0,"iceandfire:dragonbone_pickaxe":1,"minecraft:blue_dye":6,"minecraft:oak_boat":2,"iceandfire:armor_silver_metal_helmet":1,"minecraft:gold_nugget":63,"iceandfire:stymphalian_bird_dagger":1,"minecraft:torch":256},"minecraft:killed_by":{"alexsmobs:froststalker":1,"minecraft:pillager":2,"minecraft:zombie":5,"alexsmobs:grizzly_bear":1,"iceandfire:hydra":2,"alexsmobs:bison":1,"alexsmobs:centipede_head":2,"iceandfire:ghost":4,"minecraft:creeper":1,"iceandfire:fire_dragon":3,"minecraft:player":3,"minecraft:enderman":1,"minecraft:iron_golem":1,"minecraft:skeleton":3},"minecraft:used":{"iceandfire:lectern":1,"minecraft:peony":4,"minecraft:poppy":5,"iceandfire:dragon_skull_ice":4,"minecraft:chest":13,"minecraft:rotten_flesh":9,"minecraft:snowball":75,"minecraft:spruce_boat":5,"minecraft:lava_bucket":6,"iceandfire:ghost_chest":2,"minecraft:stone_brick_stairs":4,"minecraft:bow":61,"minecraft:oak_sapling":34,"minecraft:furnace":10,"minecraft:cooked_cod":6,"minecraft:egg":3,"minecraft:potato":49,"minecraft:diorite":8,"minecraft:spruce_door":1,"minecraft:powered_rail":43,"minecraft:blackstone":3,"minecraft:wooden_pickaxe":109,"iceandfire:dread_stone_bricks":7,"iceandfire:stymphalian_bird_dagger":438,"minecraft:golden_apple":2,"iceandfire:armor_silver_metal_boots":1,"minecraft:sand":33,"minecraft:lightning_rod":9,"minecraft:lectern":3,"minecraft:wooden_sword":72,"minecraft:oak_boat":22,"minecraft:stone_sword":255,"minecraft:cooked_salmon":6,"minecraft:netherrack":344,"minecraft:torch":361,"minecraft:oak_fence_gate":4,"minecraft:iron_axe":1423,"iceandfire:copper_axe":93,"alexsmobs:ghostly_pickaxe":4,"minecraft:basalt":19,"minecraft:beef":1,"minecraft:cobbled_deepslate":205,"minecraft:wheat_seeds":41,"minecraft:water_bucket":57,"minecraft:salmon":1,"minecraft:rail":275,"minecraft:oak_slab":9,"minecraft:crafting_table":28,"minecraft:red_bed":1,"minecraft:white_bed":3,"minecraft:cod":4,"minecraft:spruce_log":1,"iceandfire:armor_silver_metal_chestplate":1,"minecraft:oak_log":54,"minecraft:diamond_pickaxe":4587,"iceandfire:dragonbone_sword_fire":190,"minecraft:iron_pickaxe":992,"minecraft:chiseled_stone_bricks":1,"minecraft:cobblestone":985,"minecraft:cooked_porkchop":21,"minecraft:glass_pane":65,"iceandfire:dread_stone_bricks_cracked":1,"minecraft:iron_shovel":1168,"minecraft:shield":394,"minecraft:iron_sword":238,"minecraft:iron_chestplate":2,"minecraft:carrot":482,"minecraft:tuff":14,"minecraft:obsidian":14,"iceandfire:dread_torch":5,"alexsmobs:lobster_tail":4,"minecraft:lantern":15,"alexsmobs:cooked_lobster_tail":2,"minecraft:iron_helmet":1,"minecraft:stone_pickaxe":658,"minecraft:oak_planks":713,"minecraft:sugar_cane":22,"minecraft:crossbow":86,"minecraft:redstone_torch":23,"waystones:waystone":1,"iceandfire:dragonbone_sword":529,"iceandfire:armor_copper_metal_chestplate":2,"minecraft:bread":4,"minecraft:gravel":125,"minecraft:cooked_rabbit":1,"minecraft:chest_minecart":1,"minecraft:bone_meal":66,"minecraft:oak_fence":88,"minecraft:stone_shovel":526,"minecraft:spruce_planks":11,"minecraft:oak_door":3,"iceandfire:armor_copper_metal_boots":1,"minecraft:dirt":1620,"minecraft:cobblestone_wall":22,"minecraft:granite":10,"iceandfire:armor_silver_metal_helmet":1,"minecraft:wooden_axe":15,"alexsmobs:maggot":1,"minecraft:oak_stairs":19,"minecraft:golden_carrot":17,"minecraft:minecart":2,"minecraft:cooked_beef":7,"iceandfire:dragonbone_pickaxe":842,"minecraft:iron_leggings":2,"minecraft:cobbled_deepslate_wall":130,"minecraft:cobblestone_stairs":147,"minecraft:baked_potato":204,"minecraft:birch_boat":36,"minecraft:cobblestone_slab":128,"iceandfire:dread_stone_bricks_mossy":2,"minecraft:activator_rail":1,"minecraft:apple":4,"minecraft:chicken":1,"minecraft:stone_axe":323,"minecraft:cobbled_deepslate_slab":264,"minecraft:bucket":66,"minecraft:pumpkin_pie":1,"alexsmobs:animal_dictionary":7}},"DataVersion":3465}