{"stats":{"minecraft:broken":{"minecraft:wooden_pickaxe":2,"minecraft:stone_pickaxe":4,"minecraft:stone_axe":1,"minecraft:bow":1},"minecraft:killed":{"alexsmobs:raccoon":1,"minecraft:spider":6,"minecraft:skeleton":4,"minecraft:drowned":1,"minecraft:creeper":1,"minecraft:zombie":9},"minecraft:mined":{"minecraft:cobblestone_stairs":4,"minecraft:glow_lichen":1,"minecraft:grass_block":169,"minecraft:birch_slab":10,"minecraft:kelp":1,"minecraft:tall_seagrass":9,"minecraft:furnace":1,"minecraft:carrots":10,"minecraft:barrel":1,"minecraft:vine":1,"minecraft:stone":422,"minecraft:birch_stairs":2,"minecraft:kelp_plant":9,"minecraft:cornflower":6,"minecraft:cobblestone":60,"minecraft:tall_grass":1,"minecraft:wall_torch":1,"minecraft:seagrass":5,"minecraft:birch_planks":1,"minecraft:cobblestone_wall":1,"minecraft:birch_log":25,"minecraft:birch_leaves":2,"minecraft:birch_door":2,"minecraft:grass":23,"minecraft:oak_log":22,"minecraft:coal_ore":46,"minecraft:gravel":13,"minecraft:dirt":162,"minecraft:oak_leaves":16},"minecraft:picked_up":{"minecraft:fishing_rod":1,"minecraft:birch_door":2,"minecraft:iron_chestplate":2,"minecraft:wheat":9,"gravestone:obituary":2,"minecraft:cornflower":6,"minecraft:string":6,"iceandfire:dragonbone_pickaxe":1,"minecraft:iron_leggings":2,"minecraft:gold_nugget":35,"minecraft:bucket":1,"comforts:sleeping_bag_white":9,"minecraft:oak_boat":5,"waystones:return_scroll":2,"minecraft:iron_nugget":5,"minecraft:chest":1,"minecraft:birch_sapling":4,"minecraft:iron_boots":2,"minecraft:furnace":1,"minecraft:stick":2,"iceandfire:armor_copper_metal_leggings":1,"minecraft:torch":50,"minecraft:carrot":41,"minecraft:rotten_flesh":8,"minecraft:arrow":118,"minecraft:pumpkin_pie":12,"minecraft:cobblestone":535,"minecraft:rail":2,"minecraft:birch_log":25,"minecraft:birch_slab":5,"alexsmobs:bear_fur":2,"minecraft:flint":1,"minecraft:oak_log":35,"minecraft:lily_pad":24,"minecraft:gunpowder":3,"minecraft:cobblestone_wall":2,"minecraft:cobblestone_stairs":3,"minecraft:lapis_lazuli":4,"minecraft:dirt":375,"minecraft:paper":4,"minecraft:bone":9,"minecraft:kelp":54,"minecraft:cobbled_deepslate_wall":1,"minecraft:wheat_seeds":6,"iceandfire:dragon_stick":2,"minecraft:iron_ingot":2,"minecraft:stone_pickaxe":1,"minecraft:glass_bottle":6,"minecraft:iron_sword":3,"minecraft:oak_slab":8,"minecraft:cooked_porkchop":36,"minecraft:gravel":30,"minecraft:sand":16,"minecraft:ink_sac":8,"minecraft:grass_block":1,"minecraft:barrel":1,"alexsmobs:raw_catfish":24,"iceandfire:dragon_flute":2,"minecraft:stone_axe":2,"minecraft:iron_helmet":3,"minecraft:golden_apple":4,"minecraft:bread":7,"minecraft:emerald":4,"alexsmobs:maggot":2,"minecraft:baked_potato":108,"minecraft:oak_sapling":4,"minecraft:coal":174},"minecraft:custom":{"minecraft:mob_kills":24,"minecraft:interact_with_crafting_table":32,"minecraft:open_barrel":3,"minecraft:leave_game":1,"minecraft:time_since_death":32960,"minecraft:climb_one_cm":5065,"minecraft:sprint_one_cm":369633,"minecraft:walk_one_cm":916027,"minecraft:drop":25,"minecraft:play_time":306292,"minecraft:deaths":1,"minecraft:sneak_time":7452,"minecraft:walk_under_water_one_cm":95882,"minecraft:boat_one_cm":1176045,"minecraft:jump":1881,"minecraft:walk_on_water_one_cm":189109,"minecraft:total_world_time":306292,"minecraft:interact_with_furnace":2,"minecraft:sleep_in_bed":8,"minecraft:time_since_rest":33046,"minecraft:waystone_activated":1,"minecraft:damage_taken":3034,"minecraft:damage_absorbed":40,"minecraft:damage_dealt":4438,"minecraft:swim_one_cm":145990,"minecraft:fly_one_cm":115865,"minecraft:open_chest":27,"minecraft:crouch_one_cm":13423,"minecraft:fall_one_cm":29859},"minecraft:dropped":{"minecraft:oak_slab":4,"minecraft:baked_potato":1,"minecraft:glass_bottle":3,"minecraft:golden_apple":2,"gravestone:obituary":3,"minecraft:gold_nugget":3,"iceandfire:fire_dragon_blood":3,"minecraft:lily_pad":2,"minecraft:birch_log":8,"iceandfire:dragonbone_pickaxe":1,"minecraft:stone_axe":1,"minecraft:stone_sword":1,"minecraft:oak_boat":1,"minecraft:oak_sapling":2,"comforts:sleeping_bag_white":1,"iceandfire:armor_copper_metal_leggings":1},"minecraft:killed_by":{"iceandfire:hydra":1},"minecraft:crafted":{"minecraft:oak_planks":24,"minecraft:cobblestone_slab":12,"minecraft:barrel":6,"minecraft:fishing_rod":1,"minecraft:birch_slab":6,"minecraft:furnace":2,"minecraft:cobblestone_stairs":68,"minecraft:stone_pickaxe":5,"minecraft:chest":2,"minecraft:birch_door":3,"minecraft:smoker":1,"minecraft:oak_slab":12,"minecraft:crafting_table":1,"minecraft:wooden_pickaxe":2,"minecraft:birch_planks":66,"minecraft:campfire":1,"minecraft:stone_axe":1,"minecraft:stick":24,"minecraft:stone_sword":1},"minecraft:used":{"minecraft:stone_sword":79,"minecraft:chest":4,"minecraft:iron_sword":217,"minecraft:torch":12,"minecraft:dirt":286,"minecraft:cobblestone_wall":2,"minecraft:carrot":23,"minecraft:birch_door":3,"minecraft:barrel":7,"minecraft:bow":71,"minecraft:furnace":2,"comforts:sleeping_bag_white":6,"minecraft:cobbled_deepslate_wall":1,"minecraft:cobblestone_stairs":62,"minecraft:stone_pickaxe":546,"minecraft:baked_potato":32,"minecraft:wooden_pickaxe":118,"minecraft:cobblestone_slab":12,"minecraft:golden_apple":1,"minecraft:rail":2,"minecraft:crafting_table":1,"minecraft:campfire":1,"minecraft:smoker":1,"minecraft:cornflower":6,"minecraft:gravel":15,"minecraft:stone_axe":61,"minecraft:cobblestone":244,"minecraft:cooked_porkchop":9,"minecraft:pumpkin_pie":6,"alexsmobs:animal_dictionary":2,"minecraft:oak_boat":2}},"DataVersion":3465}