{"stats":{"minecraft:picked_up":{"minecraft:birch_log":19,"minecraft:birch_door":2,"minecraft:birch_slab":1,"minecraft:torch":15,"minecraft:gravel":25,"minecraft:flint":1,"minecraft:cobblestone_wall":2,"minecraft:grass_block":1,"minecraft:carrot":36,"minecraft:dirt":281,"iceandfire:dragon_flute":1,"minecraft:arrow":2,"minecraft:bone":1,"minecraft:rotten_flesh":2,"minecraft:cobbled_deepslate_wall":1,"minecraft:pumpkin_pie":12,"iceandfire:dragon_stick":1,"comforts:sleeping_bag_white":5,"waystones:return_scroll":2,"minecraft:coal":23,"minecraft:furnace":1,"minecraft:cobblestone":270},"minecraft:crafted":{"minecraft:crafting_table":1,"minecraft:stick":20,"minecraft:wooden_pickaxe":2,"minecraft:stone_pickaxe":3,"minecraft:stone_sword":1,"minecraft:chest":2,"minecraft:birch_door":3,"minecraft:birch_planks":42,"minecraft:stone_axe":1},"minecraft:killed":{"minecraft:skeleton":1,"minecraft:zombie":2},"minecraft:used":{"minecraft:birch_door":3,"minecraft:stone_sword":18,"minecraft:stone_pickaxe":275,"minecraft:chest":2,"minecraft:wooden_pickaxe":118,"minecraft:gravel":15,"minecraft:stone_axe":2,"minecraft:torch":10,"minecraft:dirt":205,"minecraft:cobblestone":198,"minecraft:crafting_table":1,"minecraft:cobblestone_wall":2,"minecraft:carrot":23,"minecraft:pumpkin_pie":5,"alexsmobs:animal_dictionary":2,"comforts:sleeping_bag_white":3,"minecraft:cobbled_deepslate_wall":1},"minecraft:broken":{"minecraft:wooden_pickaxe":2,"minecraft:stone_pickaxe":2},"minecraft:dropped":{"comforts:sleeping_bag_white":1,"minecraft:birch_log":8},"minecraft:mined":{"minecraft:furnace":1,"minecraft:carrots":10,"minecraft:cobblestone_wall":1,"minecraft:birch_log":19,"minecraft:birch_door":2,"minecraft:birch_leaves":1,"minecraft:grass":1,"minecraft:coal_ore":23,"minecraft:grass_block":150,"minecraft:gravel":13,"minecraft:dirt":118,"minecraft:cobblestone":22,"minecraft:birch_slab":1,"minecraft:stone":256,"minecraft:wall_torch":1},"minecraft:custom":{"minecraft:time_since_rest":10924,"minecraft:waystone_activated":1,"minecraft:interact_with_furnace":1,"minecraft:sprint_one_cm":143985,"minecraft:damage_taken":367,"minecraft:walk_one_cm":410400,"minecraft:mob_kills":4,"minecraft:drop":2,"minecraft:damage_dealt":502,"minecraft:swim_one_cm":5714,"minecraft:interact_with_crafting_table":9,"minecraft:fly_one_cm":35823,"minecraft:open_chest":3,"minecraft:crouch_one_cm":3077,"minecraft:play_time":111360,"minecraft:sneak_time":1803,"minecraft:walk_under_water_one_cm":11359,"minecraft:boat_one_cm":364483,"minecraft:jump":608,"minecraft:walk_on_water_one_cm":13014,"minecraft:time_since_death":111360,"minecraft:sleep_in_bed":5,"minecraft:total_world_time":111360,"minecraft:fall_one_cm":6674}},"DataVersion":3465}