{"stats":{"minecraft:broken":{"minecraft:wooden_pickaxe":2,"minecraft:stone_pickaxe":5,"minecraft:stone_axe":1,"minecraft:bow":1},"minecraft:killed":{"alexsmobs:raccoon":1,"minecraft:spider":6,"alexsmobs:seagull":1,"minecraft:skeleton":4,"minecraft:drowned":1,"twilightforest:kobold":2,"minecraft:creeper":1,"twilightforest:skeleton_druid":1,"minecraft:zombie":11,"twilightforest:bighorn_sheep":1},"minecraft:mined":{"minecraft:cobblestone_stairs":4,"gravestone:gravestone":1,"minecraft:glow_lichen":1,"minecraft:grass_block":171,"minecraft:birch_slab":10,"minecraft:kelp":1,"minecraft:tall_seagrass":9,"minecraft:furnace":1,"minecraft:carrots":10,"twilightforest:hollow_canopy_log_horizontal":1,"minecraft:barrel":1,"minecraft:peony":3,"twilightforest:firefly_jar":9,"minecraft:vine":2,"minecraft:blue_orchid":1,"minecraft:stone":490,"minecraft:birch_stairs":2,"minecraft:kelp_plant":9,"minecraft:dandelion":3,"minecraft:crafting_table":1,"minecraft:cornflower":12,"minecraft:poppy":7,"minecraft:cobblestone":64,"minecraft:tall_grass":3,"minecraft:wall_torch":3,"minecraft:seagrass":5,"minecraft:birch_planks":1,"minecraft:cobblestone_wall":1,"minecraft:birch_log":35,"minecraft:birch_leaves":23,"minecraft:birch_door":2,"minecraft:wither_rose":2,"minecraft:grass":36,"minecraft:oak_log":67,"minecraft:coal_ore":46,"minecraft:gravel":13,"twilightforest:moss_patch":1,"minecraft:dirt":167,"minecraft:oak_leaves":67},"minecraft:picked_up":{"minecraft:fishing_rod":2,"minecraft:crafting_table":1,"minecraft:birch_door":2,"minecraft:iron_chestplate":2,"minecraft:wheat":10,"minecraft:flower_pot":1,"minecraft:brown_mushroom":1,"minecraft:wither_rose":2,"gravestone:obituary":2,"minecraft:cornflower":11,"minecraft:string":6,"iceandfire:dragonbone_pickaxe":1,"minecraft:iron_leggings":2,"minecraft:blue_orchid":1,"minecraft:gold_nugget":36,"twilightforest:iron_ladder":5,"minecraft:bucket":1,"comforts:sleeping_bag_white":10,"minecraft:spruce_planks":1,"minecraft:oak_boat":5,"waystones:return_scroll":2,"minecraft:written_book":4,"minecraft:poppy":7,"minecraft:iron_nugget":5,"minecraft:chest":1,"minecraft:birch_sapling":6,"twilightforest:firefly_jar":9,"minecraft:iron_boots":2,"minecraft:furnace":1,"minecraft:stick":10,"minecraft:stone":11,"iceandfire:armor_copper_metal_leggings":1,"minecraft:torch":52,"minecraft:spruce_stairs":3,"minecraft:carrot":41,"minecraft:rotten_flesh":10,"minecraft:arrow":119,"minecraft:peony":3,"minecraft:pumpkin_pie":12,"minecraft:mutton":1,"minecraft:cod":2,"minecraft:cobblestone":618,"minecraft:rail":2,"minecraft:birch_log":35,"minecraft:feather":2,"minecraft:birch_slab":5,"minecraft:salmon":3,"minecraft:brown_wool":1,"alexsmobs:bear_fur":2,"minecraft:flint":1,"minecraft:oak_log":80,"minecraft:lily_pad":28,"minecraft:gunpowder":3,"minecraft:cobblestone_wall":2,"minecraft:cobblestone_stairs":3,"minecraft:lapis_lazuli":4,"minecraft:dirt":382,"minecraft:paper":4,"minecraft:red_carpet":1,"minecraft:bone":11,"minecraft:apple":1,"minecraft:stone_bricks":4,"minecraft:kelp":54,"minecraft:cobbled_deepslate_wall":1,"minecraft:wheat_seeds":9,"iceandfire:dragon_stick":2,"minecraft:iron_ingot":2,"minecraft:stone_pickaxe":1,"minecraft:cooked_chicken":4,"minecraft:glass_bottle":6,"minecraft:iron_sword":3,"minecraft:oak_slab":8,"minecraft:cooked_porkchop":36,"minecraft:dandelion":3,"minecraft:gravel":30,"minecraft:sand":16,"minecraft:ink_sac":8,"minecraft:grass_block":1,"minecraft:barrel":1,"alexsmobs:raw_catfish":24,"iceandfire:dragon_flute":2,"minecraft:stone_axe":2,"minecraft:iron_helmet":3,"minecraft:golden_apple":5,"minecraft:bread":7,"minecraft:emerald":4,"alexsmobs:maggot":2,"minecraft:baked_potato":110,"minecraft:oak_sapling":10,"twilightforest:torchberries":1,"minecraft:coal":174},"minecraft:custom":{"minecraft:mob_kills":31,"minecraft:interact_with_crafting_table":43,"minecraft:open_barrel":3,"minecraft:leave_game":2,"minecraft:time_since_death":42356,"minecraft:climb_one_cm":9157,"minecraft:sprint_one_cm":585500,"minecraft:walk_one_cm":1209996,"minecraft:drop":42,"minecraft:play_time":400226,"minecraft:deaths":2,"minecraft:sneak_time":8456,"minecraft:walk_under_water_one_cm":111104,"minecraft:boat_one_cm":1176045,"minecraft:jump":2646,"minecraft:walk_on_water_one_cm":204766,"minecraft:total_world_time":400226,"minecraft:interact_with_furnace":5,"minecraft:pot_flower":1,"minecraft:sleep_in_bed":9,"minecraft:time_since_rest":16152,"minecraft:waystone_activated":1,"minecraft:damage_taken":4214,"minecraft:damage_absorbed":40,"minecraft:damage_dealt":5436,"minecraft:swim_one_cm":154632,"minecraft:fly_one_cm":2081206,"minecraft:open_chest":37,"minecraft:crouch_one_cm":14019,"minecraft:fish_caught":5,"minecraft:fall_one_cm":43000},"minecraft:dropped":{"minecraft:oak_slab":4,"twilightforest:firefly_jar":2,"minecraft:baked_potato":10,"minecraft:glass_bottle":3,"minecraft:cobblestone":11,"minecraft:golden_apple":2,"gravestone:obituary":3,"minecraft:gold_nugget":3,"iceandfire:fire_dragon_blood":3,"minecraft:fishing_rod":1,"minecraft:lily_pad":2,"minecraft:birch_log":8,"iceandfire:dragonbone_pickaxe":1,"minecraft:stone_axe":1,"alexsmobs:animal_dictionary":1,"minecraft:stone_sword":1,"minecraft:birch_sapling":2,"minecraft:oak_boat":1,"minecraft:oak_sapling":2,"comforts:sleeping_bag_white":1,"iceandfire:armor_copper_metal_leggings":1,"minecraft:written_book":2},"minecraft:killed_by":{"twilightforest:skeleton_druid":1,"iceandfire:hydra":1},"minecraft:crafted":{"minecraft:oak_planks":24,"minecraft:cobblestone_slab":12,"minecraft:barrel":6,"minecraft:fishing_rod":1,"minecraft:birch_slab":6,"minecraft:furnace":2,"minecraft:stone_button":10,"minecraft:stone":10,"minecraft:cobblestone_stairs":68,"securitycraft:keypad_item":1,"minecraft:heavy_weighted_pressure_plate":1,"minecraft:stone_pickaxe":6,"minecraft:chest":2,"minecraft:birch_door":3,"minecraft:smoker":1,"minecraft:oak_slab":12,"minecraft:crafting_table":1,"minecraft:wooden_pickaxe":2,"minecraft:birch_planks":66,"minecraft:campfire":1,"minecraft:stone_axe":2,"minecraft:stick":24,"minecraft:stone_sword":1},"minecraft:used":{"minecraft:peony":3,"minecraft:stone_sword":79,"minecraft:poppy":7,"minecraft:chest":4,"minecraft:iron_sword":291,"minecraft:cooked_chicken":1,"minecraft:torch":16,"minecraft:dirt":286,"securitycraft:keypad_item":1,"minecraft:cobblestone_wall":2,"minecraft:carrot":23,"minecraft:birch_door":3,"twilightforest:iron_ladder":4,"minecraft:blue_orchid":1,"minecraft:barrel":7,"minecraft:stone_bricks":4,"minecraft:bow":75,"minecraft:furnace":2,"comforts:sleeping_bag_white":7,"minecraft:cobbled_deepslate_wall":1,"minecraft:water_bucket":9,"minecraft:cobblestone_stairs":62,"minecraft:stone_pickaxe":624,"minecraft:baked_potato":39,"minecraft:wooden_pickaxe":118,"minecraft:cobblestone_slab":12,"minecraft:golden_apple":1,"minecraft:rail":2,"minecraft:crafting_table":2,"minecraft:campfire":1,"minecraft:smoker":1,"minecraft:oak_log":10,"minecraft:flower_pot":1,"minecraft:cornflower":11,"twilightforest:firefly_jar":7,"minecraft:gravel":15,"minecraft:stone_axe":190,"minecraft:fishing_rod":10,"minecraft:cobblestone":305,"minecraft:cooked_porkchop":18,"minecraft:bucket":9,"minecraft:wither_rose":1,"minecraft:pumpkin_pie":6,"alexsmobs:animal_dictionary":2,"minecraft:oak_boat":2,"minecraft:dandelion":3}},"DataVersion":3465}