{"stats":{"minecraft:custom":{"minecraft:animals_bred":12,"minecraft:interact_with_crafting_table":93,"minecraft:open_barrel":4,"minecraft:bell_ring":69,"minecraft:leave_game":4,"minecraft:time_since_death":18858,"minecraft:sprint_one_cm":2633432,"minecraft:damage_blocked_by_shield":1672,"minecraft:drop":237,"minecraft:talked_to_villager":31,"minecraft:play_time":815981,"minecraft:deaths":26,"minecraft:jump":11481,"minecraft:interact_with_brewingstand":5,"minecraft:walk_on_water_one_cm":152535,"minecraft:interact_with_furnace":59,"minecraft:sleep_in_bed":22,"minecraft:waystone_activated":2,"minecraft:damage_dealt":29946,"minecraft:player_kills":9,"minecraft:crouch_one_cm":125439,"minecraft:mob_kills":151,"minecraft:climb_one_cm":52312,"minecraft:walk_one_cm":1477720,"minecraft:raid_win":1,"minecraft:sneak_time":55877,"minecraft:walk_under_water_one_cm":233515,"minecraft:boat_one_cm":1710209,"minecraft:interact_with_blast_furnace":13,"minecraft:total_world_time":815981,"minecraft:raid_trigger":1,"minecraft:time_since_rest":18883,"minecraft:damage_taken":17657,"minecraft:swim_one_cm":263120,"minecraft:fly_one_cm":1972758,"minecraft:open_chest":609,"minecraft:fall_one_cm":276253},"minecraft:crafted":{"minecraft:oak_planks":1296,"minecraft:cobblestone_slab":12,"minecraft:birch_boat":2,"minecraft:cooked_chicken":3,"iceandfire:copper_axe":3,"minecraft:bow":1,"minecraft:iron_boots":4,"iceandfire:armor_copper_metal_chestplate":2,"iceandfire:dragonbone_arrow":10,"minecraft:oak_button":4,"minecraft:oak_fence":111,"iceandfire:silver_axe":2,"minecraft:glass_bottle":6,"minecraft:wooden_shovel":1,"minecraft:arrow":20,"minecraft:cooked_porkchop":3,"minecraft:crafting_table":9,"minecraft:spruce_planks":36,"minecraft:wooden_pickaxe":2,"minecraft:iron_helmet":2,"minecraft:baked_potato":29,"minecraft:copper_ingot":33,"minecraft:birch_planks":16,"minecraft:iron_chestplate":4,"minecraft:shield":4,"minecraft:stick":224,"minecraft:iron_ingot":48,"minecraft:iron_pickaxe":2,"minecraft:birch_stairs":4,"minecraft:golden_carrot":1,"minecraft:oak_door":6,"minecraft:stone_shovel":1,"minecraft:spyglass":1,"minecraft:furnace":1,"iceandfire:armor_copper_metal_helmet":1,"minecraft:glass_pane":176,"minecraft:flint_and_steel":1,"minecraft:iron_axe":1,"minecraft:ladder":12,"minecraft:stone_pickaxe":9,"minecraft:spruce_boat":2,"minecraft:wheat":108,"minecraft:crimson_planks":20,"minecraft:bucket":1,"minecraft:stone_axe":1,"minecraft:bread":51,"minecraft:air":0,"minecraft:oak_boat":6,"minecraft:oak_fence_gate":8,"minecraft:oak_stairs":12,"minecraft:iron_leggings":4,"minecraft:torch":36},"minecraft:mined":{"minecraft:dark_oak_planks":1,"minecraft:large_amethyst_bud":2,"minecraft:white_bed":1,"minecraft:carved_pumpkin":5,"minecraft:brewing_stand":1,"minecraft:granite":48,"minecraft:budding_amethyst":3,"minecraft:grass_block":177,"iceandfire:lectern":3,"minecraft:soul_soil":57,"minecraft:composter":1,"minecraft:nether_wart":20,"minecraft:chiseled_stone_bricks":6,"minecraft:weeping_vines_plant":3,"minecraft:glowstone":1,"minecraft:iron_ore":20,"minecraft:cobbled_deepslate":3,"minecraft:fire":10,"minecraft:pumpkin":10,"minecraft:twisting_vines":3,"iceandfire:gold_pile":3,"minecraft:dirt_path":1,"minecraft:iron_bars":2,"minecraft:white_banner":1,"iceandfire:chared_cobblestone":11,"minecraft:deepslate_redstone_ore":3,"minecraft:red_bed":2,"minecraft:twisting_vines_plant":7,"minecraft:medium_amethyst_bud":2,"minecraft:amethyst_cluster":18,"minecraft:torch":9,"minecraft:calcite":1,"minecraft:chest":4,"minecraft:dead_bush":5,"minecraft:cobblestone":74,"minecraft:sugar_cane":9,"minecraft:oak_planks":42,"minecraft:wall_torch":4,"minecraft:amethyst_block":8,"minecraft:nether_wart_block":3,"minecraft:birch_log":4,"minecraft:wheat":59,"minecraft:warped_fungus":7,"minecraft:grass":184,"minecraft:oak_log":319,"minecraft:oak_fence_gate":1,"minecraft:sand":1,"minecraft:dirt":248,"minecraft:netherrack":139,"minecraft:oak_leaves":98,"minecraft:deepslate":11,"iceandfire:chared_stone":7,"minecraft:tuff":2,"iceandfire:silver_ore":1,"minecraft:ladder":5,"minecraft:crimson_roots":3,"minecraft:weeping_vines":1,"iceandfire:deepslate_silver_ore":3,"iceandfire:chared_dirt":14,"minecraft:spruce_leaves":1,"minecraft:crimson_stem":5,"iceandfire:chared_grass":6,"minecraft:hay_block":12,"minecraft:furnace":1,"minecraft:carrots":78,"minecraft:snow":23,"iceandfire:chared_gravel":3,"minecraft:potatoes":5,"minecraft:deepslate_iron_ore":46,"minecraft:vine":3,"minecraft:warped_stem":4,"minecraft:packed_ice":1,"minecraft:stone":548,"iceandfire:podium_spruce":3,"minecraft:bone_block":9,"minecraft:glass_pane":12,"minecraft:soul_sand":58,"minecraft:spruce_door":2,"minecraft:oak_fence":2,"minecraft:crafting_table":6,"minecraft:rose_bush":25,"minecraft:tall_grass":3,"minecraft:copper_ore":16,"minecraft:deepslate_gold_ore":5,"minecraft:lily_pad":2,"minecraft:birch_planks":3,"minecraft:ice":66,"minecraft:spruce_log":9,"minecraft:coal_ore":11,"minecraft:gravel":37},"minecraft:broken":{"minecraft:stone_pickaxe":4,"minecraft:stone_axe":1,"minecraft:iron_sword":1,"minecraft:iron_hoe":1,"minecraft:leather_helmet":1,"iceandfire:copper_axe":1,"minecraft:iron_axe":1,"minecraft:iron_pickaxe":1},"minecraft:killed_by":{"minecraft:creeper":1,"alexsmobs:dropbear":1,"minecraft:blaze":1,"minecraft:zombie":2,"iceandfire:fire_dragon":2,"minecraft:player":2,"minecraft:spider":1,"minecraft:enderman":1,"minecraft:skeleton":4},"minecraft:dropped":{"minecraft:birch_planks":4,"minecraft:oak_log":1,"minecraft:baked_potato":69,"iceandfire:silver_axe":1,"minecraft:glass_bottle":2,"minecraft:diamond":16,"minecraft:crafting_table":1,"minecraft:cooked_porkchop":9,"minecraft:crossbow":1,"minecraft:warped_roots":1,"minecraft:saddle":4,"iceandfire:dread_stone_bricks_cracked":4,"minecraft:dirt":25,"minecraft:packed_ice":3,"minecraft:crimson_roots":3,"iceandfire:dread_stone_bricks":1,"minecraft:chain":3,"minecraft:pumpkin_pie":26,"minecraft:bone_block":2,"iceandfire:ash":1,"minecraft:iron_pickaxe":1,"minecraft:dark_oak_planks":1,"minecraft:white_wool":1,"iceandfire:dread_shard":39,"minecraft:bone":24,"minecraft:gravel":1,"minecraft:white_tulip":3,"minecraft:crimson_fungus":1,"minecraft:stone_axe":1,"minecraft:sugar_cane":26,"minecraft:spyglass":1,"minecraft:cooked_chicken":2,"minecraft:obsidian":22,"minecraft:rotten_flesh":12,"minecraft:oak_planks":15,"minecraft:cooked_mutton":10,"minecraft:salmon":1,"alexsmobs:cachalot_whale_tooth":2,"minecraft:carrot":1,"minecraft:chainmail_chestplate":1,"minecraft:chiseled_stone_bricks":1,"alexsmobs:froststalker_horn":1,"minecraft:poppy":1,"iceandfire:dread_stone_bricks_mossy":2,"iceandfire:sapphire_gem":8,"iceandfire:bestiary":2,"minecraft:arrow":3,"minecraft:quartz":1,"minecraft:netherrack":2,"minecraft:egg":5,"minecraft:iron_ingot":4,"iceandfire:dragonbone_sword":2,"minecraft:bread":13,"minecraft:wheat_seeds":8,"iceandfire:armor_copper_metal_chestplate":2,"minecraft:feather":4,"minecraft:lead":4,"minecraft:iron_helmet":1,"minecraft:cobblestone":68,"minecraft:book":2,"minecraft:copper_ingot":2,"minecraft:grass_block":1,"minecraft:coal":45,"minecraft:golden_apple":2,"minecraft:torch":33,"minecraft:nether_wart_block":1,"waystones:return_scroll":12,"minecraft:iron_leggings":3,"minecraft:iron_axe":1,"minecraft:paper":3,"minecraft:string":2,"minecraft:lily_pad":7,"iceandfire:dragonbone":26,"minecraft:blaze_rod":7,"minecraft:stone_shovel":2,"minecraft:iron_boots":3,"minecraft:iron_hoe":1,"iceandfire:dragon_skull_ice":1,"iceandfire:troll_tusk":6,"iceandfire:copper_axe":1,"minecraft:filled_map":6,"minecraft:hay_block":1,"minecraft:spruce_boat":1,"minecraft:shield":3,"minecraft:oak_button":4,"minecraft:iron_chestplate":3,"iceandfire:silver_ingot":6,"minecraft:blue_ice":2,"minecraft:oak_boat":1,"minecraft:oak_sapling":2,"iceandfire:dragonbone_bow":1,"minecraft:carved_pumpkin":5,"minecraft:spider_eye":2,"minecraft:birch_boat":1,"minecraft:bow":2,"minecraft:stone_pickaxe":1},"minecraft:killed":{"minecraft:spider":16,"alexsmobs:froststalker":5,"minecraft:skeleton":14,"minecraft:chicken":7,"alexsmobs:laviathan":1,"minecraft:wolf":1,"minecraft:piglin":1,"minecraft:pig":7,"minecraft:salmon":1,"minecraft:creeper":4,"alexsmobs:crimson_mosquito":4,"minecraft:sheep":1,"minecraft:pillager":5,"minecraft:zombie":32,"minecraft:stray":2,"minecraft:ghast":1,"alexsmobs:fly":1,"minecraft:blaze":19,"minecraft:cow":3,"minecraft:vindicator":3,"alexsmobs:seagull":3,"minecraft:slime":1,"iceandfire:dread_knight":1,"iceandfire:dread_thrall":2,"minecraft:ravager":1,"minecraft:wither_skeleton":3,"minecraft:enderman":5},"minecraft:used":{"iceandfire:lectern":2,"minecraft:iron_shovel":13,"minecraft:ladder":11,"minecraft:chest":2,"minecraft:shield":68,"minecraft:iron_sword":148,"minecraft:bell":1,"minecraft:rotten_flesh":24,"minecraft:iron_chestplate":3,"minecraft:mutton":1,"minecraft:carrot":292,"minecraft:tuff":1,"minecraft:snowball":28,"minecraft:stripped_spruce_log":1,"minecraft:spruce_boat":5,"minecraft:glass":6,"minecraft:lava_bucket":11,"minecraft:iron_helmet":2,"minecraft:golden_sword":5,"minecraft:bow":48,"iceandfire:chared_stone":4,"minecraft:oak_sapling":7,"minecraft:furnace":1,"minecraft:egg":49,"minecraft:potato":11,"minecraft:mossy_stone_bricks":3,"minecraft:spruce_door":1,"minecraft:stone_pickaxe":716,"minecraft:oak_planks":409,"minecraft:ender_pearl":2,"minecraft:wooden_pickaxe":77,"minecraft:composter":1,"iceandfire:podium_spruce":2,"minecraft:sand":1,"minecraft:blast_furnace":1,"minecraft:crossbow":1,"iceandfire:silver_axe":210,"iceandfire:armor_copper_metal_chestplate":4,"minecraft:bread":83,"minecraft:gravel":19,"minecraft:oak_boat":22,"minecraft:coarse_dirt":3,"minecraft:oak_fence":98,"minecraft:flint_and_steel":7,"minecraft:stone_shovel":78,"minecraft:spruce_planks":20,"minecraft:wooden_shovel":24,"minecraft:cooked_chicken":4,"minecraft:netherrack":140,"minecraft:oak_door":4,"minecraft:torch":54,"minecraft:dirt":328,"minecraft:brewing_stand":1,"minecraft:spyglass":8,"minecraft:wheat":1,"minecraft:oak_fence_gate":3,"minecraft:iron_hoe":89,"alexsmobs:maggot":6,"minecraft:iron_axe":230,"minecraft:oak_stairs":9,"iceandfire:copper_axe":272,"minecraft:iron_boots":4,"minecraft:crimson_planks":13,"minecraft:golden_carrot":1,"minecraft:beef":8,"minecraft:soul_soil":4,"iceandfire:armor_copper_metal_helmet":1,"minecraft:cooked_beef":7,"minecraft:cobbled_deepslate":13,"minecraft:pumpkin":7,"minecraft:iron_leggings":4,"minecraft:wheat_seeds":55,"minecraft:cooked_mutton":7,"minecraft:water_bucket":69,"minecraft:lead":1,"minecraft:birch_planks":3,"minecraft:glass_bottle":4,"minecraft:baked_potato":48,"minecraft:birch_boat":20,"minecraft:cobblestone_slab":5,"iceandfire:chared_dirt":1,"minecraft:salmon":1,"minecraft:crafting_table":12,"minecraft:spider_eye":1,"minecraft:white_bed":2,"minecraft:apple":4,"iceandfire:dragonbone_bow":10,"minecraft:iron_pickaxe":202,"minecraft:leather_helmet":2,"minecraft:stone_axe":131,"minecraft:chiseled_stone_bricks":1,"minecraft:cobblestone":249,"minecraft:porkchop":6,"minecraft:white_banner":1,"minecraft:cooked_porkchop":8,"minecraft:bucket":78,"minecraft:glass_pane":172,"minecraft:pumpkin_pie":3,"alexsmobs:animal_dictionary":1,"minecraft:birch_stairs":4},"minecraft:picked_up":{"iceandfire:dread_stone_bricks":1,"minecraft:iron_chestplate":5,"minecraft:wheat":49,"minecraft:lead":16,"iceandfire:armor_copper_metal_chestplate":5,"minecraft:oak_stairs":1,"minecraft:brewing_stand":1,"minecraft:amethyst_block":8,"iceandfire:manuscript":2,"minecraft:string":30,"minecraft:soul_soil":56,"minecraft:raw_copper":67,"minecraft:iron_leggings":8,"alexsmobs:blood_sac":3,"minecraft:gold_nugget":32,"minecraft:cobbled_deepslate":24,"iceandfire:frost_lily":1,"minecraft:spruce_planks":3,"minecraft:white_tulip":3,"waystones:return_scroll":19,"iceandfire:wither_shard":2,"minecraft:rose_bush":50,"minecraft:cobblestone_slab":1,"minecraft:calcite":1,"minecraft:iron_pickaxe":3,"minecraft:iron_boots":6,"minecraft:furnace":2,"minecraft:tipped_arrow":2,"minecraft:stick":48,"minecraft:composter":1,"minecraft:oak_fence":3,"minecraft:torch":61,"minecraft:porkchop":10,"iceandfire:rotten_egg":1,"iceandfire:armor_silver_metal_boots":1,"minecraft:rotten_flesh":48,"minecraft:carved_pumpkin":5,"minecraft:blaze_rod":12,"minecraft:obsidian":3,"minecraft:iron_bars":2,"minecraft:snowball":57,"minecraft:cobblestone":818,"minecraft:birch_log":4,"minecraft:feather":18,"minecraft:water_bucket":4,"minecraft:potato":11,"minecraft:flint":4,"minecraft:tuff":1,"minecraft:dirt":470,"minecraft:twisting_vines":20,"minecraft:glass":2,"minecraft:bone":38,"minecraft:bow":3,"minecraft:wheat_seeds":161,"minecraft:raw_gold":6,"minecraft:glowstone_dust":4,"minecraft:oak_planks":652,"minecraft:cooked_porkchop":2,"iceandfire:podium_spruce":3,"iceandfire:copper_axe":1,"minecraft:sand":1,"minecraft:grass_block":1,"alexsmobs:animal_dictionary":1,"iceandfire:chared_cobblestone":11,"minecraft:iron_hoe":2,"minecraft:sugar":13,"minecraft:diamond":12,"minecraft:spruce_boat":5,"iceandfire:lectern":3,"iceandfire:dread_stone_bricks_mossy":2,"minecraft:blue_ice":2,"minecraft:crossbow":1,"minecraft:granite":96,"minecraft:golden_apple":2,"iceandfire:dragonbone_bow":2,"minecraft:emerald":1,"minecraft:bread":15,"alexsmobs:maggot":1,"minecraft:oak_sapling":13,"minecraft:diamond_pickaxe":2,"minecraft:netherrack":237,"minecraft:crimson_roots":4,"iceandfire:raw_silver":5,"minecraft:crafting_table":7,"iceandfire:witherbone":1,"minecraft:nether_wart":20,"minecraft:chicken":6,"minecraft:ladder":5,"minecraft:packed_ice":4,"iceandfire:dragonbone_arrow":5,"minecraft:brown_mushroom":16,"minecraft:wooden_pickaxe":4,"alexsmobs:froststalker_horn":1,"minecraft:chain":5,"minecraft:shield":7,"minecraft:iron_axe":5,"minecraft:glass_pane":4,"minecraft:blue_orchid":9,"iceandfire:bestiary":3,"minecraft:beef":8,"iceandfire:dread_shard":37,"minecraft:oak_boat":22,"minecraft:poppy":2,"minecraft:sugar_cane":63,"minecraft:chest":4,"minecraft:birch_sapling":1,"minecraft:egg":62,"minecraft:raw_iron":69,"iceandfire:dragonbone":28,"iceandfire:troll_tusk":10,"minecraft:copper_ingot":9,"iceandfire:chared_grass":6,"minecraft:bowl":2,"minecraft:carrot":415,"minecraft:redstone":14,"minecraft:dark_oak_planks":1,"iceandfire:dragon_skull_ice":1,"iceandfire:silver_ingot":6,"minecraft:weeping_vines":5,"minecraft:stone_shovel":3,"minecraft:arrow":23,"minecraft:pumpkin_pie":42,"minecraft:nether_bricks":18,"iceandfire:chared_dirt":13,"minecraft:hay_block":13,"minecraft:saddle":6,"minecraft:mutton":1,"minecraft:white_wool":4,"minecraft:bone_block":7,"iceandfire:silver_axe":3,"minecraft:crimson_stem":5,"minecraft:glow_ink_sac":5,"minecraft:salmon":2,"minecraft:leather":7,"minecraft:music_disc_stal":1,"minecraft:filled_map":6,"minecraft:birch_planks":4,"alexsmobs:cachalot_whale_tooth":2,"minecraft:crimson_fungus":1,"minecraft:oak_log":325,"minecraft:chainmail_chestplate":3,"minecraft:lily_pad":14,"iceandfire:ectoplasm":1,"iceandfire:dread_stone_bricks_cracked":4,"iceandfire:armor_copper_metal_helmet":1,"minecraft:nether_wart_block":3,"minecraft:gunpowder":9,"minecraft:paper":9,"minecraft:white_banner":3,"minecraft:cooked_mutton":15,"minecraft:apple":4,"minecraft:warped_stem":4,"iceandfire:armor_silver_metal_helmet":1,"minecraft:oak_fence_gate":1,"minecraft:iron_ingot":24,"minecraft:stone_pickaxe":4,"minecraft:cooked_chicken":2,"minecraft:glass_bottle":5,"minecraft:soul_sand":59,"minecraft:iron_sword":6,"minecraft:book":4,"iceandfire:chared_stone":7,"minecraft:warped_fungus":7,"minecraft:birch_boat":21,"minecraft:pumpkin":15,"minecraft:chiseled_stone_bricks":4,"iceandfire:ash":2,"iceandfire:dragonbone_sword":2,"minecraft:quartz":1,"minecraft:spyglass":1,"minecraft:gravel":43,"minecraft:amethyst_shard":78,"minecraft:white_bed":2,"minecraft:spruce_log":9,"minecraft:crying_obsidian":1,"minecraft:spruce_door":2,"minecraft:spider_eye":11,"minecraft:leather_helmet":1,"minecraft:stone_axe":3,"minecraft:iron_helmet":3,"minecraft:warped_roots":1,"minecraft:baked_potato":173,"minecraft:black_wool":1,"iceandfire:chared_gravel":3,"minecraft:coal":100,"minecraft:ender_pearl":2}},"DataVersion":3465}