{"stats":{"minecraft:mined":{"minecraft:large_amethyst_bud":2,"minecraft:tuff":1,"minecraft:white_bed":1,"iceandfire:silver_ore":1,"minecraft:brewing_stand":1,"minecraft:budding_amethyst":3,"minecraft:ladder":5,"minecraft:granite":48,"minecraft:grass_block":115,"iceandfire:lectern":3,"iceandfire:deepslate_silver_ore":3,"iceandfire:chared_dirt":8,"minecraft:composter":1,"iceandfire:chared_grass":5,"minecraft:hay_block":12,"minecraft:carrots":78,"minecraft:iron_ore":8,"minecraft:fire":1,"minecraft:snow":5,"iceandfire:chared_gravel":3,"minecraft:pumpkin":10,"minecraft:dirt_path":1,"iceandfire:gold_pile":3,"minecraft:potatoes":5,"minecraft:vine":3,"minecraft:deepslate_iron_ore":16,"minecraft:packed_ice":1,"minecraft:stone":244,"iceandfire:podium_spruce":3,"iceandfire:chared_cobblestone":11,"minecraft:deepslate_redstone_ore":3,"minecraft:glass_pane":12,"minecraft:red_bed":2,"minecraft:medium_amethyst_bud":2,"minecraft:amethyst_cluster":18,"minecraft:spruce_door":2,"minecraft:oak_fence":2,"minecraft:crafting_table":2,"minecraft:torch":4,"minecraft:calcite":1,"minecraft:chest":4,"minecraft:rose_bush":25,"minecraft:dead_bush":5,"minecraft:copper_ore":7,"minecraft:tall_grass":2,"minecraft:cobblestone":50,"minecraft:deepslate_gold_ore":5,"minecraft:oak_planks":40,"minecraft:lily_pad":2,"minecraft:sugar_cane":1,"minecraft:wall_torch":4,"minecraft:amethyst_block":8,"minecraft:birch_planks":2,"minecraft:wheat":59,"minecraft:grass":149,"minecraft:oak_log":302,"minecraft:coal_ore":6,"minecraft:oak_fence_gate":1,"minecraft:gravel":27,"minecraft:dirt":151,"minecraft:oak_leaves":80,"minecraft:deepslate":3},"minecraft:killed_by":{"minecraft:creeper":1,"minecraft:spider":1,"minecraft:enderman":1,"minecraft:skeleton":2},"minecraft:crafted":{"minecraft:golden_carrot":1,"minecraft:oak_door":6,"minecraft:oak_planks":1212,"minecraft:stone_shovel":1,"minecraft:cobblestone_slab":12,"minecraft:cooked_chicken":3,"minecraft:glass_pane":176,"minecraft:bow":1,"minecraft:iron_boots":1,"minecraft:iron_axe":1,"minecraft:ladder":12,"minecraft:stone_pickaxe":5,"minecraft:oak_fence":111,"minecraft:wheat":108,"iceandfire:silver_axe":2,"minecraft:glass_bottle":6,"minecraft:arrow":12,"minecraft:cooked_porkchop":3,"minecraft:crafting_table":3,"minecraft:wooden_pickaxe":1,"minecraft:baked_potato":3,"minecraft:stone_axe":1,"minecraft:bread":51,"minecraft:air":0,"minecraft:oak_boat":2,"minecraft:oak_fence_gate":8,"minecraft:iron_chestplate":1,"minecraft:shield":1,"minecraft:stick":192,"minecraft:iron_ingot":24,"minecraft:iron_pickaxe":1,"minecraft:torch":32},"minecraft:used":{"iceandfire:lectern":2,"minecraft:oak_fence":98,"minecraft:iron_shovel":13,"minecraft:stone_shovel":30,"minecraft:ladder":11,"minecraft:chest":2,"minecraft:iron_sword":148,"minecraft:cooked_chicken":3,"minecraft:rotten_flesh":15,"minecraft:oak_door":4,"minecraft:iron_chestplate":3,"minecraft:torch":43,"minecraft:dirt":242,"minecraft:brewing_stand":1,"minecraft:wheat":1,"minecraft:carrot":180,"minecraft:snowball":7,"minecraft:oak_fence_gate":3,"minecraft:glass":6,"minecraft:iron_hoe":3,"alexsmobs:maggot":6,"minecraft:iron_axe":185,"minecraft:iron_boots":2,"minecraft:golden_sword":5,"minecraft:golden_carrot":1,"minecraft:bow":23,"minecraft:beef":5,"minecraft:oak_sapling":6,"minecraft:egg":42,"minecraft:potato":11,"minecraft:pumpkin":6,"minecraft:iron_leggings":3,"minecraft:cooked_mutton":1,"minecraft:water_bucket":59,"minecraft:wheat_seeds":55,"minecraft:mossy_stone_bricks":3,"minecraft:spruce_door":1,"minecraft:baked_potato":4,"minecraft:lead":1,"minecraft:glass_bottle":1,"minecraft:stone_pickaxe":384,"minecraft:oak_planks":391,"minecraft:wooden_pickaxe":31,"minecraft:ender_pearl":1,"minecraft:birch_boat":2,"minecraft:composter":1,"minecraft:cobblestone_slab":5,"minecraft:salmon":1,"iceandfire:podium_spruce":2,"minecraft:crafting_table":4,"minecraft:white_bed":2,"iceandfire:silver_axe":210,"minecraft:apple":3,"minecraft:bread":35,"minecraft:iron_pickaxe":17,"minecraft:gravel":19,"minecraft:stone_axe":107,"minecraft:cobblestone":241,"minecraft:cooked_porkchop":6,"minecraft:bucket":58,"minecraft:glass_pane":172,"minecraft:pumpkin_pie":2,"minecraft:oak_boat":12,"minecraft:coarse_dirt":3},"minecraft:killed":{"minecraft:spider":10,"alexsmobs:seagull":2,"minecraft:slime":1,"minecraft:skeleton":5,"minecraft:chicken":7,"minecraft:wolf":1,"minecraft:pig":3,"minecraft:salmon":1,"minecraft:creeper":3,"minecraft:zombie":18,"alexsmobs:fly":1,"minecraft:enderman":1,"minecraft:cow":2},"minecraft:dropped":{"minecraft:wheat_seeds":2,"minecraft:oak_log":1,"minecraft:baked_potato":15,"iceandfire:silver_axe":1,"minecraft:cobblestone":4,"minecraft:lead":4,"minecraft:dirt":18,"minecraft:iron_pickaxe":1,"minecraft:lily_pad":6,"minecraft:gravel":1,"minecraft:white_tulip":3,"minecraft:stone_axe":1,"minecraft:rotten_flesh":1,"minecraft:carrot":1,"minecraft:filled_map":6,"minecraft:shield":2,"minecraft:stone_pickaxe":1,"minecraft:egg":5},"minecraft:custom":{"minecraft:mob_kills":59,"minecraft:animals_bred":12,"minecraft:interact_with_crafting_table":43,"minecraft:leave_game":1,"minecraft:time_since_death":54611,"minecraft:climb_one_cm":25366,"minecraft:sprint_one_cm":1122520,"minecraft:walk_one_cm":727429,"minecraft:drop":73,"minecraft:play_time":399805,"minecraft:sneak_time":34484,"minecraft:deaths":11,"minecraft:walk_under_water_one_cm":137813,"minecraft:boat_one_cm":289964,"minecraft:interact_with_brewingstand":2,"minecraft:jump":4539,"minecraft:interact_with_blast_furnace":1,"minecraft:walk_on_water_one_cm":80960,"minecraft:total_world_time":399805,"minecraft:interact_with_furnace":28,"minecraft:sleep_in_bed":16,"minecraft:time_since_rest":35359,"minecraft:damage_taken":7140,"minecraft:damage_dealt":10202,"minecraft:player_kills":1,"minecraft:swim_one_cm":135501,"minecraft:fly_one_cm":773053,"minecraft:open_chest":328,"minecraft:crouch_one_cm":83411,"minecraft:fall_one_cm":126779},"minecraft:broken":{"minecraft:stone_pickaxe":2,"minecraft:iron_axe":1,"minecraft:stone_axe":1,"minecraft:iron_sword":1},"minecraft:picked_up":{"minecraft:iron_chestplate":3,"minecraft:crafting_table":2,"minecraft:wheat":49,"minecraft:chicken":6,"minecraft:ladder":5,"minecraft:brown_mushroom":16,"minecraft:lead":16,"minecraft:wooden_pickaxe":4,"minecraft:oak_stairs":1,"minecraft:brewing_stand":1,"minecraft:shield":1,"minecraft:amethyst_block":8,"iceandfire:manuscript":2,"minecraft:string":19,"minecraft:raw_copper":29,"minecraft:iron_axe":2,"minecraft:iron_leggings":4,"minecraft:glass_pane":4,"minecraft:blue_orchid":9,"iceandfire:bestiary":1,"minecraft:gold_nugget":32,"minecraft:cobbled_deepslate":3,"iceandfire:frost_lily":1,"minecraft:beef":5,"minecraft:white_tulip":3,"minecraft:oak_boat":12,"minecraft:rose_bush":50,"minecraft:cobblestone_slab":1,"minecraft:calcite":1,"minecraft:iron_pickaxe":2,"minecraft:sugar_cane":14,"minecraft:chest":4,"minecraft:birch_sapling":1,"minecraft:furnace":1,"minecraft:iron_boots":3,"minecraft:egg":56,"minecraft:stick":48,"minecraft:raw_iron":26,"minecraft:composter":1,"minecraft:oak_fence":3,"iceandfire:chared_grass":5,"minecraft:torch":20,"minecraft:bowl":2,"minecraft:porkchop":4,"minecraft:carrot":311,"minecraft:redstone":14,"iceandfire:armor_silver_metal_boots":1,"minecraft:arrow":4,"minecraft:stone_shovel":1,"minecraft:rotten_flesh":24,"iceandfire:chared_dirt":7,"minecraft:hay_block":12,"minecraft:snowball":7,"minecraft:white_wool":1,"minecraft:cobblestone":478,"iceandfire:silver_axe":3,"minecraft:feather":11,"minecraft:glow_ink_sac":5,"minecraft:water_bucket":4,"minecraft:salmon":1,"minecraft:leather":5,"minecraft:music_disc_stal":1,"minecraft:potato":11,"minecraft:filled_map":6,"minecraft:birch_planks":2,"minecraft:flint":3,"minecraft:oak_log":304,"minecraft:lily_pad":12,"iceandfire:ectoplasm":1,"minecraft:gunpowder":5,"minecraft:paper":6,"minecraft:dirt":311,"minecraft:cooked_mutton":1,"minecraft:glass":2,"minecraft:bone":2,"minecraft:apple":3,"minecraft:bow":1,"minecraft:wheat_seeds":154,"minecraft:raw_gold":5,"iceandfire:armor_silver_metal_helmet":1,"minecraft:oak_fence_gate":1,"minecraft:stone_pickaxe":3,"minecraft:glass_bottle":3,"minecraft:iron_sword":6,"minecraft:oak_planks":623,"minecraft:cooked_porkchop":2,"minecraft:birch_boat":2,"minecraft:pumpkin":15,"iceandfire:podium_spruce":3,"minecraft:gravel":30,"minecraft:amethyst_shard":78,"minecraft:white_bed":2,"minecraft:spruce_door":2,"minecraft:spider_eye":2,"alexsmobs:animal_dictionary":1,"iceandfire:chared_cobblestone":11,"minecraft:sugar":13,"minecraft:stone_axe":1,"iceandfire:lectern":3,"minecraft:iron_helmet":2,"minecraft:granite":96,"minecraft:emerald":1,"minecraft:bread":2,"alexsmobs:maggot":1,"minecraft:baked_potato":16,"minecraft:oak_sapling":10,"iceandfire:chared_gravel":3,"minecraft:coal":40,"iceandfire:raw_silver":5,"minecraft:ender_pearl":1}},"DataVersion":3465}