{"stats":{"minecraft:mined":{"minecraft:large_amethyst_bud":2,"minecraft:tuff":1,"minecraft:white_bed":1,"iceandfire:silver_ore":1,"minecraft:brewing_stand":1,"minecraft:ladder":5,"minecraft:granite":48,"minecraft:budding_amethyst":3,"minecraft:grass_block":105,"iceandfire:lectern":3,"iceandfire:deepslate_silver_ore":3,"minecraft:composter":1,"minecraft:carrots":78,"minecraft:iron_ore":8,"minecraft:snow":5,"minecraft:pumpkin":8,"minecraft:potatoes":5,"minecraft:deepslate_iron_ore":16,"minecraft:vine":3,"minecraft:packed_ice":1,"minecraft:stone":244,"iceandfire:podium_spruce":3,"minecraft:deepslate_redstone_ore":3,"minecraft:glass_pane":12,"minecraft:red_bed":2,"minecraft:medium_amethyst_bud":2,"minecraft:amethyst_cluster":18,"minecraft:spruce_door":2,"minecraft:oak_fence":2,"minecraft:crafting_table":2,"minecraft:torch":4,"minecraft:calcite":1,"minecraft:chest":4,"minecraft:rose_bush":25,"minecraft:dead_bush":5,"minecraft:copper_ore":7,"minecraft:tall_grass":2,"minecraft:cobblestone":50,"minecraft:deepslate_gold_ore":5,"minecraft:lily_pad":2,"minecraft:sugar_cane":1,"minecraft:oak_planks":40,"minecraft:wall_torch":4,"minecraft:amethyst_block":8,"minecraft:birch_planks":2,"minecraft:wheat":59,"minecraft:grass":144,"minecraft:coal_ore":6,"minecraft:oak_log":301,"minecraft:oak_fence_gate":1,"minecraft:gravel":27,"minecraft:dirt":73,"minecraft:oak_leaves":75,"minecraft:deepslate":3},"minecraft:killed_by":{"minecraft:creeper":1,"minecraft:spider":1,"minecraft:enderman":1,"minecraft:skeleton":2},"minecraft:crafted":{"minecraft:golden_carrot":1,"minecraft:oak_door":6,"minecraft:oak_planks":1208,"minecraft:cobblestone_slab":12,"minecraft:stone_shovel":1,"minecraft:cooked_chicken":3,"minecraft:glass_pane":176,"minecraft:bow":1,"minecraft:iron_boots":1,"minecraft:iron_axe":1,"minecraft:ladder":12,"minecraft:stone_pickaxe":5,"minecraft:oak_fence":111,"iceandfire:silver_axe":2,"minecraft:glass_bottle":6,"minecraft:arrow":12,"minecraft:cooked_porkchop":3,"minecraft:crafting_table":2,"minecraft:baked_potato":3,"minecraft:wooden_pickaxe":1,"minecraft:stone_axe":1,"minecraft:bread":15,"minecraft:air":0,"minecraft:oak_boat":2,"minecraft:oak_fence_gate":8,"minecraft:iron_chestplate":1,"minecraft:shield":1,"minecraft:stick":192,"minecraft:iron_ingot":24,"minecraft:iron_pickaxe":1,"minecraft:torch":32},"minecraft:used":{"iceandfire:lectern":2,"minecraft:oak_fence":98,"minecraft:iron_shovel":13,"minecraft:stone_shovel":30,"minecraft:ladder":11,"minecraft:chest":2,"minecraft:iron_sword":133,"minecraft:cooked_chicken":3,"minecraft:rotten_flesh":15,"minecraft:oak_door":4,"minecraft:iron_chestplate":3,"minecraft:torch":42,"minecraft:brewing_stand":1,"minecraft:dirt":186,"minecraft:wheat":1,"minecraft:carrot":180,"minecraft:snowball":7,"minecraft:oak_fence_gate":3,"minecraft:glass":6,"minecraft:iron_hoe":3,"alexsmobs:maggot":6,"minecraft:iron_axe":185,"minecraft:iron_boots":2,"minecraft:golden_carrot":1,"minecraft:bow":4,"minecraft:oak_sapling":6,"minecraft:egg":42,"minecraft:potato":11,"minecraft:pumpkin":1,"minecraft:iron_leggings":3,"minecraft:cooked_mutton":1,"minecraft:wheat_seeds":55,"minecraft:mossy_stone_bricks":3,"minecraft:water_bucket":59,"minecraft:spruce_door":1,"minecraft:baked_potato":4,"minecraft:glass_bottle":1,"minecraft:lead":1,"minecraft:stone_pickaxe":384,"minecraft:oak_planks":391,"minecraft:birch_boat":2,"minecraft:ender_pearl":1,"minecraft:wooden_pickaxe":31,"minecraft:composter":1,"minecraft:cobblestone_slab":5,"minecraft:salmon":1,"iceandfire:podium_spruce":2,"minecraft:crafting_table":3,"iceandfire:silver_axe":210,"minecraft:white_bed":2,"minecraft:apple":3,"minecraft:bread":19,"minecraft:iron_pickaxe":17,"minecraft:gravel":19,"minecraft:stone_axe":107,"minecraft:cobblestone":241,"minecraft:cooked_porkchop":6,"minecraft:bucket":58,"minecraft:glass_pane":172,"minecraft:pumpkin_pie":2,"minecraft:oak_boat":12,"minecraft:coarse_dirt":3},"minecraft:killed":{"minecraft:spider":9,"alexsmobs:seagull":2,"minecraft:slime":1,"minecraft:skeleton":4,"minecraft:chicken":7,"minecraft:wolf":1,"minecraft:pig":3,"minecraft:salmon":1,"minecraft:creeper":3,"minecraft:zombie":18,"alexsmobs:fly":1,"minecraft:enderman":1},"minecraft:dropped":{"minecraft:wheat_seeds":2,"minecraft:oak_log":1,"minecraft:baked_potato":15,"iceandfire:silver_axe":1,"minecraft:cobblestone":4,"minecraft:lead":4,"minecraft:dirt":18,"minecraft:iron_pickaxe":1,"minecraft:lily_pad":6,"minecraft:gravel":1,"minecraft:stone_axe":1,"minecraft:rotten_flesh":1,"minecraft:carrot":1,"minecraft:filled_map":6,"minecraft:shield":2,"minecraft:stone_pickaxe":1,"minecraft:egg":5},"minecraft:custom":{"minecraft:mob_kills":55,"minecraft:animals_bred":12,"minecraft:interact_with_crafting_table":41,"minecraft:time_since_death":31959,"minecraft:climb_one_cm":22867,"minecraft:sprint_one_cm":1069560,"minecraft:walk_one_cm":700903,"minecraft:drop":70,"minecraft:play_time":377153,"minecraft:sneak_time":25869,"minecraft:deaths":11,"minecraft:walk_under_water_one_cm":137813,"minecraft:boat_one_cm":289964,"minecraft:jump":4311,"minecraft:interact_with_brewingstand":2,"minecraft:interact_with_blast_furnace":1,"minecraft:walk_on_water_one_cm":80960,"minecraft:total_world_time":377153,"minecraft:interact_with_furnace":28,"minecraft:sleep_in_bed":16,"minecraft:time_since_rest":12707,"minecraft:damage_taken":6232,"minecraft:damage_dealt":9479,"minecraft:player_kills":1,"minecraft:swim_one_cm":135501,"minecraft:fly_one_cm":747175,"minecraft:open_chest":323,"minecraft:crouch_one_cm":68272,"minecraft:fall_one_cm":122440},"minecraft:broken":{"minecraft:stone_pickaxe":2,"minecraft:iron_axe":1,"minecraft:stone_axe":1,"minecraft:iron_sword":1},"minecraft:picked_up":{"minecraft:iron_chestplate":3,"minecraft:crafting_table":2,"minecraft:wheat":49,"minecraft:chicken":6,"minecraft:ladder":5,"minecraft:lead":16,"minecraft:brown_mushroom":16,"minecraft:wooden_pickaxe":4,"minecraft:brewing_stand":1,"minecraft:shield":1,"minecraft:amethyst_block":8,"iceandfire:manuscript":2,"minecraft:string":19,"minecraft:iron_axe":2,"minecraft:raw_copper":29,"minecraft:iron_leggings":4,"minecraft:glass_pane":4,"minecraft:blue_orchid":9,"iceandfire:bestiary":1,"minecraft:cobbled_deepslate":3,"iceandfire:frost_lily":1,"minecraft:white_tulip":1,"minecraft:oak_boat":12,"minecraft:rose_bush":50,"minecraft:cobblestone_slab":1,"minecraft:calcite":1,"minecraft:iron_pickaxe":2,"minecraft:sugar_cane":14,"minecraft:chest":4,"minecraft:birch_sapling":1,"minecraft:iron_boots":3,"minecraft:furnace":1,"minecraft:egg":56,"minecraft:raw_iron":26,"minecraft:stick":48,"minecraft:composter":1,"minecraft:oak_fence":3,"minecraft:torch":15,"minecraft:bowl":2,"minecraft:porkchop":4,"minecraft:carrot":311,"minecraft:redstone":14,"iceandfire:armor_silver_metal_boots":1,"minecraft:arrow":2,"minecraft:rotten_flesh":24,"minecraft:stone_shovel":1,"minecraft:snowball":7,"minecraft:white_wool":1,"minecraft:cobblestone":478,"iceandfire:silver_axe":3,"minecraft:feather":11,"minecraft:glow_ink_sac":5,"minecraft:water_bucket":4,"minecraft:salmon":1,"minecraft:leather":2,"minecraft:filled_map":6,"minecraft:music_disc_stal":1,"minecraft:potato":11,"minecraft:birch_planks":2,"minecraft:flint":3,"minecraft:oak_log":303,"minecraft:lily_pad":12,"iceandfire:ectoplasm":1,"minecraft:gunpowder":5,"minecraft:paper":6,"minecraft:dirt":222,"minecraft:cooked_mutton":1,"minecraft:glass":2,"minecraft:bone":2,"minecraft:apple":3,"minecraft:bow":1,"minecraft:wheat_seeds":154,"iceandfire:armor_silver_metal_helmet":1,"minecraft:raw_gold":5,"minecraft:stone_pickaxe":3,"minecraft:oak_fence_gate":1,"minecraft:glass_bottle":3,"minecraft:iron_sword":6,"minecraft:oak_planks":622,"minecraft:cooked_porkchop":2,"minecraft:birch_boat":2,"minecraft:pumpkin":13,"iceandfire:podium_spruce":3,"minecraft:gravel":30,"minecraft:amethyst_shard":78,"minecraft:white_bed":2,"minecraft:spider_eye":1,"minecraft:spruce_door":2,"alexsmobs:animal_dictionary":1,"minecraft:sugar":13,"minecraft:stone_axe":1,"iceandfire:lectern":3,"minecraft:iron_helmet":2,"minecraft:granite":96,"minecraft:emerald":1,"minecraft:bread":2,"alexsmobs:maggot":1,"minecraft:baked_potato":16,"minecraft:oak_sapling":10,"minecraft:coal":40,"iceandfire:raw_silver":5,"minecraft:ender_pearl":1}},"DataVersion":3465}