{"stats":{"minecraft:broken":{"minecraft:wooden_shovel":4,"minecraft:golden_shovel":1,"minecraft:stone_pickaxe":4,"minecraft:stone_axe":1,"minecraft:iron_sword":1,"minecraft:iron_hoe":1,"minecraft:leather_helmet":1,"iceandfire:copper_axe":1,"minecraft:golden_axe":1,"minecraft:iron_axe":3,"minecraft:iron_pickaxe":1},"minecraft:killed":{"twilightforest:boar":1,"minecraft:spider":19,"minecraft:cod":1,"alexsmobs:froststalker":5,"minecraft:skeleton":18,"minecraft:chicken":9,"alexsmobs:laviathan":1,"minecraft:wolf":1,"minecraft:piglin":1,"minecraft:pig":7,"minecraft:salmon":1,"minecraft:creeper":4,"twilightforest:skeleton_druid":8,"alexsmobs:crimson_mosquito":4,"minecraft:sheep":1,"minecraft:pillager":5,"minecraft:zombie":38,"minecraft:ghast":1,"minecraft:stray":2,"alexsmobs:fly":2,"minecraft:blaze":19,"minecraft:cow":3,"twilightforest:squirrel":1,"twilightforest:deer":5,"minecraft:vindicator":3,"alexsmobs:seagull":3,"minecraft:slime":1,"iceandfire:dread_knight":1,"iceandfire:dread_thrall":2,"iceandfire:fire_dragon":1,"alexsmobs:bison":3,"minecraft:drowned":1,"minecraft:ravager":1,"alexsmobs:crocodile":2,"iceandfire:ghost":3,"minecraft:wither_skeleton":3,"twilightforest:bighorn_sheep":5,"minecraft:enderman":6},"minecraft:mined":{"minecraft:dark_oak_planks":1,"minecraft:large_amethyst_bud":2,"minecraft:white_bed":1,"minecraft:brewing_stand":1,"minecraft:carved_pumpkin":5,"minecraft:granite":48,"minecraft:budding_amethyst":3,"minecraft:grass_block":240,"iceandfire:lectern":3,"minecraft:soul_soil":57,"minecraft:composter":1,"minecraft:nether_wart":20,"minecraft:chiseled_stone_bricks":6,"minecraft:weeping_vines_plant":3,"minecraft:glowstone":1,"minecraft:iron_ore":20,"minecraft:fire":37,"minecraft:cobbled_deepslate":3,"minecraft:pumpkin":10,"minecraft:twisting_vines":3,"iceandfire:gold_pile":77,"minecraft:dirt_path":1,"minecraft:iron_bars":2,"minecraft:white_banner":1,"iceandfire:chared_cobblestone":11,"minecraft:deepslate_redstone_ore":3,"minecraft:red_bed":4,"minecraft:twisting_vines_plant":7,"minecraft:medium_amethyst_bud":2,"minecraft:amethyst_cluster":18,"minecraft:torch":9,"minecraft:calcite":1,"minecraft:chest":5,"minecraft:dead_bush":7,"minecraft:glass":2,"minecraft:cobblestone":83,"minecraft:oak_planks":43,"minecraft:sugar_cane":13,"minecraft:wall_torch":6,"minecraft:amethyst_block":8,"minecraft:skeleton_skull":1,"minecraft:seagrass":1,"minecraft:nether_wart_block":3,"minecraft:birch_log":4,"minecraft:wheat":59,"minecraft:warped_fungus":7,"minecraft:tnt":7,"minecraft:grass":365,"minecraft:oak_log":332,"minecraft:oak_fence_gate":1,"minecraft:sand":270,"minecraft:dirt":276,"minecraft:netherrack":139,"minecraft:deepslate":11,"minecraft:oak_leaves":106,"iceandfire:chared_stone":7,"minecraft:tuff":2,"iceandfire:silver_ore":1,"minecraft:ladder":5,"minecraft:crimson_roots":3,"minecraft:weeping_vines":1,"iceandfire:deepslate_silver_ore":3,"iceandfire:chared_dirt":22,"minecraft:spruce_leaves":1,"minecraft:crimson_stem":5,"iceandfire:chared_grass":6,"minecraft:hay_block":12,"minecraft:furnace":1,"minecraft:carrots":78,"minecraft:snow":23,"iceandfire:chared_gravel":3,"minecraft:gold_block":1,"minecraft:cobblestone_slab":1,"minecraft:deepslate_iron_ore":46,"minecraft:potatoes":5,"minecraft:vine":3,"minecraft:warped_stem":4,"minecraft:packed_ice":1,"minecraft:stone":552,"iceandfire:podium_spruce":3,"minecraft:bone_block":9,"minecraft:glass_pane":12,"minecraft:soul_sand":114,"minecraft:lily_of_the_valley":1,"minecraft:dandelion":2,"minecraft:spruce_door":2,"minecraft:oak_fence":2,"minecraft:crafting_table":6,"minecraft:rose_bush":25,"minecraft:copper_ore":16,"minecraft:tall_grass":9,"minecraft:deepslate_gold_ore":5,"minecraft:lily_pad":4,"twilightforest:mayapple":2,"minecraft:birch_planks":3,"minecraft:ice":66,"minecraft:spruce_log":9,"minecraft:birch_leaves":4,"iceandfire:ash":1,"minecraft:coal_ore":11,"minecraft:gravel":38},"minecraft:picked_up":{"minecraft:wooden_axe":1,"iceandfire:dread_stone_bricks":1,"minecraft:iron_chestplate":5,"minecraft:wheat":49,"minecraft:flower_pot":1,"minecraft:lead":16,"minecraft:stone_slab":1,"iceandfire:armor_copper_metal_chestplate":6,"minecraft:oak_stairs":1,"minecraft:brewing_stand":1,"minecraft:amethyst_block":8,"iceandfire:manuscript":2,"minecraft:string":30,"minecraft:soul_soil":56,"minecraft:raw_copper":67,"minecraft:iron_leggings":8,"alexsmobs:blood_sac":3,"minecraft:gold_nugget":894,"minecraft:cobbled_deepslate":24,"minecraft:spruce_planks":3,"comforts:sleeping_bag_white":1,"iceandfire:frost_lily":1,"minecraft:white_tulip":3,"minecraft:rose_bush":50,"waystones:return_scroll":26,"minecraft:cobblestone_slab":2,"iceandfire:wither_shard":2,"minecraft:calcite":1,"minecraft:iron_pickaxe":3,"minecraft:iron_boots":9,"minecraft:furnace":2,"minecraft:tipped_arrow":2,"minecraft:stick":57,"iceandfire:copper_pickaxe":1,"minecraft:composter":1,"iceandfire:armor_copper_metal_leggings":1,"minecraft:oak_fence":3,"minecraft:torch":65,"minecraft:porkchop":11,"minecraft:golden_axe":1,"iceandfire:rotten_egg":1,"iceandfire:armor_silver_metal_boots":1,"minecraft:rotten_flesh":56,"minecraft:carved_pumpkin":5,"minecraft:green_wool":1,"minecraft:blaze_rod":12,"minecraft:mossy_cobblestone_slab":2,"minecraft:obsidian":3,"minecraft:iron_bars":2,"minecraft:snowball":57,"minecraft:cod":2,"minecraft:cobblestone":831,"twilightforest:mangrove_slab":3,"minecraft:birch_log":4,"minecraft:feather":18,"minecraft:cooked_beef":12,"minecraft:brown_wool":2,"minecraft:water_bucket":4,"minecraft:potato":11,"alexsmobs:bison_fur":5,"minecraft:flint":4,"minecraft:tuff":1,"minecraft:dirt":557,"minecraft:twisting_vines":20,"minecraft:glass":48,"minecraft:bone":50,"minecraft:bow":5,"minecraft:wheat_seeds":181,"minecraft:raw_gold":6,"minecraft:glowstone_dust":4,"minecraft:oak_planks":664,"twilightforest:mushgloom":1,"minecraft:cooked_porkchop":19,"iceandfire:podium_spruce":3,"iceandfire:copper_axe":1,"minecraft:sand":368,"twilightforest:mangrove_fence":4,"minecraft:ink_sac":1,"minecraft:grass_block":2,"alexsmobs:animal_dictionary":1,"iceandfire:chared_cobblestone":11,"minecraft:iron_hoe":2,"minecraft:sugar":13,"iceandfire:fire_dragon_blood":1,"minecraft:diamond":12,"minecraft:spruce_boat":5,"iceandfire:lectern":3,"iceandfire:dread_stone_bricks_mossy":2,"minecraft:blue_ice":2,"minecraft:crossbow":1,"minecraft:granite":96,"minecraft:golden_apple":8,"iceandfire:dragonbone_bow":3,"minecraft:bread":25,"minecraft:emerald":1,"twilightforest:torchberries":9,"alexsmobs:maggot":3,"minecraft:oak_sapling":13,"minecraft:netherrack":237,"iceandfire:raw_silver":5,"minecraft:crimson_roots":4,"minecraft:diamond_pickaxe":2,"minecraft:crafting_table":7,"minecraft:ladder":5,"minecraft:chicken":8,"iceandfire:witherbone":1,"minecraft:nether_wart":20,"minecraft:packed_ice":4,"iceandfire:dragonbone_arrow":36,"minecraft:brown_mushroom":16,"minecraft:wooden_pickaxe":4,"minecraft:gold_block":1,"alexsmobs:froststalker_horn":2,"minecraft:chain":5,"minecraft:shield":11,"minecraft:red_bed":1,"minecraft:iron_axe":6,"minecraft:magenta_wool":1,"minecraft:blue_orchid":9,"minecraft:glass_pane":4,"iceandfire:bestiary":3,"minecraft:beef":24,"iceandfire:dread_shard":37,"minecraft:oak_boat":30,"minecraft:poppy":2,"minecraft:light_gray_wool":1,"minecraft:sugar_cane":72,"minecraft:chest":5,"minecraft:birch_sapling":3,"minecraft:egg":62,"minecraft:raw_iron":69,"iceandfire:dragonbone":28,"iceandfire:troll_tusk":10,"minecraft:copper_ingot":9,"iceandfire:chared_grass":6,"minecraft:bowl":2,"minecraft:carrot":531,"minecraft:redstone":14,"alexsmobs:crocodile_scute":4,"minecraft:dark_oak_planks":1,"iceandfire:dragon_skull_ice":1,"minecraft:tnt":15,"iceandfire:silver_ingot":6,"minecraft:arrow":33,"minecraft:weeping_vines":5,"minecraft:stone_shovel":3,"minecraft:pumpkin_pie":42,"minecraft:nether_bricks":18,"iceandfire:chared_dirt":19,"minecraft:hay_block":13,"minecraft:saddle":6,"minecraft:mutton":10,"minecraft:white_wool":4,"minecraft:skeleton_skull":2,"minecraft:bone_block":7,"iceandfire:silver_axe":3,"minecraft:purple_dye":1,"minecraft:crimson_stem":5,"minecraft:glow_ink_sac":5,"minecraft:salmon":2,"minecraft:leather":10,"minecraft:music_disc_stal":1,"minecraft:birch_planks":4,"minecraft:filled_map":6,"alexsmobs:cachalot_whale_tooth":2,"minecraft:crimson_fungus":1,"minecraft:oak_log":338,"minecraft:chainmail_chestplate":4,"minecraft:lily_pad":18,"iceandfire:ectoplasm":3,"iceandfire:dread_stone_bricks_cracked":4,"minecraft:gunpowder":9,"minecraft:nether_wart_block":3,"iceandfire:armor_copper_metal_helmet":2,"minecraft:paper":9,"minecraft:white_banner":3,"minecraft:cooked_mutton":15,"twilightforest:raw_venison":7,"minecraft:apple":5,"iceandfire:armor_silver_metal_helmet":1,"minecraft:warped_stem":4,"minecraft:iron_ingot":34,"minecraft:oak_fence_gate":1,"minecraft:stone_pickaxe":4,"minecraft:cooked_chicken":23,"minecraft:glass_bottle":6,"minecraft:iron_sword":7,"minecraft:soul_sand":124,"minecraft:book":5,"iceandfire:chared_stone":7,"minecraft:warped_fungus":7,"minecraft:birch_boat":21,"minecraft:pumpkin":15,"minecraft:chiseled_stone_bricks":4,"iceandfire:ash":6,"iceandfire:dragonbone_sword":4,"minecraft:quartz":1,"minecraft:dandelion":1,"minecraft:spyglass":1,"minecraft:gravel":45,"minecraft:amethyst_shard":78,"minecraft:white_bed":2,"minecraft:spruce_log":9,"minecraft:crying_obsidian":1,"minecraft:spider_eye":12,"minecraft:spruce_door":2,"minecraft:leather_helmet":1,"minecraft:stone_axe":3,"minecraft:iron_helmet":4,"minecraft:warped_roots":1,"minecraft:baked_potato":248,"minecraft:black_wool":1,"iceandfire:chared_gravel":3,"minecraft:coal":108,"minecraft:ender_pearl":4},"minecraft:custom":{"minecraft:animals_bred":12,"minecraft:interact_with_crafting_table":132,"minecraft:open_barrel":8,"minecraft:bell_ring":69,"minecraft:leave_game":9,"minecraft:time_since_death":122713,"minecraft:sprint_one_cm":3507392,"minecraft:damage_blocked_by_shield":2277,"minecraft:drop":531,"minecraft:talked_to_villager":31,"minecraft:play_time":1109952,"minecraft:deaths":29,"minecraft:jump":15860,"minecraft:interact_with_brewingstand":5,"minecraft:walk_on_water_one_cm":196283,"minecraft:interact_with_furnace":109,"minecraft:sleep_in_bed":32,"minecraft:waystone_activated":2,"minecraft:damage_dealt":38034,"minecraft:player_kills":13,"minecraft:crouch_one_cm":160414,"minecraft:mob_kills":202,"minecraft:inspect_hopper":1,"minecraft:climb_one_cm":54797,"minecraft:walk_one_cm":1819824,"minecraft:raid_win":1,"minecraft:sneak_time":69234,"minecraft:walk_under_water_one_cm":316577,"minecraft:boat_one_cm":2298665,"minecraft:interact_with_blast_furnace":17,"minecraft:total_world_time":1109952,"minecraft:raid_trigger":1,"minecraft:time_since_rest":50423,"minecraft:trigger_trapped_chest":2,"minecraft:damage_absorbed":79,"minecraft:damage_taken":22611,"minecraft:swim_one_cm":332290,"minecraft:fly_one_cm":4727134,"minecraft:open_chest":840,"minecraft:fall_one_cm":395870},"minecraft:dropped":{"minecraft:iron_sword":1,"minecraft:birch_planks":4,"minecraft:cooked_beef":1,"minecraft:oak_log":1,"minecraft:baked_potato":140,"iceandfire:silver_axe":1,"minecraft:ender_pearl":2,"minecraft:glass_bottle":2,"minecraft:diamond":16,"minecraft:crafting_table":1,"minecraft:cooked_porkchop":29,"minecraft:crossbow":1,"minecraft:warped_roots":1,"minecraft:leather":1,"minecraft:saddle":4,"iceandfire:dread_stone_bricks_cracked":4,"minecraft:cod":1,"minecraft:dirt":29,"minecraft:packed_ice":3,"minecraft:crimson_roots":3,"iceandfire:dread_stone_bricks":1,"minecraft:chain":3,"minecraft:gold_nugget":128,"minecraft:pumpkin_pie":26,"minecraft:bone_block":2,"iceandfire:ash":1,"iceandfire:fire_dragon_blood":1,"minecraft:iron_pickaxe":1,"minecraft:dark_oak_planks":1,"minecraft:white_wool":1,"iceandfire:dread_shard":39,"minecraft:bone":24,"minecraft:gravel":1,"minecraft:white_tulip":3,"minecraft:crimson_fungus":1,"minecraft:stone_axe":1,"minecraft:sugar_cane":26,"minecraft:spyglass":1,"minecraft:cooked_chicken":20,"minecraft:birch_sapling":2,"minecraft:obsidian":22,"minecraft:rotten_flesh":17,"minecraft:oak_planks":21,"minecraft:cooked_mutton":10,"alexsmobs:cachalot_whale_tooth":2,"minecraft:salmon":1,"minecraft:carrot":116,"minecraft:chainmail_chestplate":1,"minecraft:chiseled_stone_bricks":1,"iceandfire:dread_stone_bricks_mossy":2,"alexsmobs:froststalker_horn":2,"minecraft:poppy":1,"iceandfire:sapphire_gem":8,"minecraft:skeleton_skull":2,"iceandfire:bestiary":2,"comforts:sleeping_bag_white":1,"minecraft:arrow":3,"minecraft:glass":80,"minecraft:quartz":1,"minecraft:netherrack":2,"minecraft:egg":5,"iceandfire:dragonbone_sword":4,"minecraft:bread":23,"minecraft:iron_ingot":7,"minecraft:wheat_seeds":12,"minecraft:iron_helmet":2,"minecraft:golden_axe":1,"iceandfire:armor_copper_metal_chestplate":3,"minecraft:feather":4,"minecraft:cobblestone":68,"minecraft:lead":4,"minecraft:book":2,"minecraft:copper_ingot":2,"minecraft:grass_block":1,"minecraft:coal":45,"minecraft:golden_apple":6,"minecraft:mossy_cobblestone_slab":2,"minecraft:ink_sac":1,"minecraft:torch":33,"minecraft:nether_wart_block":1,"minecraft:wooden_axe":1,"waystones:return_scroll":12,"minecraft:iron_leggings":3,"minecraft:iron_axe":2,"minecraft:paper":3,"minecraft:string":2,"minecraft:lily_pad":10,"iceandfire:dragonbone":26,"alexsmobs:maggot":2,"minecraft:blaze_rod":7,"minecraft:stone_shovel":2,"minecraft:iron_boots":4,"minecraft:iron_hoe":1,"iceandfire:dragon_skull_ice":1,"iceandfire:troll_tusk":6,"iceandfire:copper_axe":1,"minecraft:filled_map":6,"minecraft:hay_block":1,"minecraft:spruce_boat":1,"minecraft:shield":6,"minecraft:oak_button":4,"minecraft:iron_chestplate":3,"minecraft:diamond_pickaxe":1,"iceandfire:silver_ingot":6,"minecraft:blue_ice":2,"minecraft:oak_boat":1,"minecraft:oak_sapling":2,"iceandfire:dragonbone_bow":3,"minecraft:carved_pumpkin":5,"minecraft:spider_eye":2,"minecraft:birch_boat":1,"minecraft:bow":2,"minecraft:stone_pickaxe":1},"minecraft:killed_by":{"minecraft:creeper":1,"alexsmobs:crocodile":1,"alexsmobs:dropbear":1,"minecraft:blaze":1,"minecraft:witch":1,"minecraft:zombie":2,"iceandfire:fire_dragon":2,"minecraft:player":3,"minecraft:spider":1,"minecraft:enderman":1,"minecraft:skeleton":4},"minecraft:crafted":{"minecraft:oak_planks":1348,"minecraft:cobblestone_slab":12,"minecraft:cooked_chicken":3,"minecraft:birch_boat":2,"iceandfire:silver_shovel":1,"minecraft:glass":168,"iceandfire:copper_axe":3,"minecraft:bow":1,"minecraft:iron_boots":5,"iceandfire:armor_copper_metal_chestplate":2,"iceandfire:dragonbone_arrow":25,"minecraft:oak_button":4,"iceandfire:copper_pickaxe":1,"minecraft:oak_fence":111,"iceandfire:silver_axe":2,"minecraft:golden_axe":1,"minecraft:glass_bottle":6,"minecraft:wooden_shovel":5,"minecraft:arrow":20,"minecraft:cooked_porkchop":3,"minecraft:crafting_table":10,"minecraft:spruce_planks":36,"minecraft:wooden_pickaxe":2,"minecraft:iron_helmet":3,"minecraft:baked_potato":102,"iceandfire:wither_shard":3,"minecraft:copper_ingot":63,"minecraft:birch_planks":16,"minecraft:tnt":2,"minecraft:iron_chestplate":5,"minecraft:shield":4,"minecraft:stick":244,"minecraft:iron_ingot":61,"minecraft:iron_pickaxe":2,"minecraft:gold_ingot":84,"minecraft:birch_stairs":4,"minecraft:golden_carrot":1,"minecraft:oak_door":6,"minecraft:stone_shovel":1,"minecraft:spyglass":1,"minecraft:furnace":1,"iceandfire:armor_copper_metal_leggings":1,"iceandfire:armor_copper_metal_helmet":2,"minecraft:glass_pane":176,"minecraft:flint_and_steel":1,"minecraft:iron_axe":4,"minecraft:ladder":12,"minecraft:stone_pickaxe":9,"minecraft:spruce_boat":2,"minecraft:golden_helmet":1,"minecraft:wheat":108,"minecraft:crimson_planks":20,"minecraft:golden_shovel":1,"minecraft:bucket":2,"minecraft:stone_axe":1,"minecraft:bread":51,"minecraft:air":0,"minecraft:oak_boat":10,"minecraft:oak_fence_gate":8,"minecraft:oak_stairs":12,"minecraft:iron_leggings":4,"minecraft:torch":36},"minecraft:used":{"iceandfire:lectern":2,"minecraft:iron_shovel":13,"minecraft:ladder":11,"minecraft:shield":82,"minecraft:chest":2,"minecraft:iron_sword":148,"minecraft:bell":1,"minecraft:rotten_flesh":27,"minecraft:iron_chestplate":3,"minecraft:soul_sand":40,"minecraft:mutton":1,"minecraft:carrot":294,"minecraft:tuff":1,"minecraft:snowball":28,"minecraft:stripped_spruce_log":1,"minecraft:spruce_boat":5,"minecraft:glass":8,"minecraft:lava_bucket":11,"minecraft:grass_block":1,"minecraft:iron_helmet":2,"iceandfire:copper_pickaxe":53,"minecraft:golden_sword":5,"minecraft:bow":93,"minecraft:sweet_berries":3,"iceandfire:chared_stone":4,"minecraft:oak_sapling":7,"minecraft:furnace":1,"minecraft:egg":49,"minecraft:potato":11,"minecraft:mossy_stone_bricks":3,"minecraft:spruce_door":1,"twilightforest:mangrove_slab":3,"minecraft:stone_pickaxe":716,"minecraft:oak_planks":416,"minecraft:ender_pearl":3,"minecraft:wooden_pickaxe":77,"minecraft:composter":1,"minecraft:golden_apple":2,"iceandfire:podium_spruce":2,"minecraft:sand":6,"minecraft:blast_furnace":1,"minecraft:crossbow":1,"iceandfire:silver_axe":210,"iceandfire:armor_copper_metal_chestplate":4,"minecraft:bread":93,"minecraft:gravel":19,"minecraft:oak_boat":32,"minecraft:coarse_dirt":3,"minecraft:oak_fence":98,"minecraft:flint_and_steel":18,"minecraft:stone_shovel":78,"minecraft:spruce_planks":20,"minecraft:wooden_shovel":260,"minecraft:cooked_chicken":20,"minecraft:netherrack":140,"minecraft:oak_door":4,"minecraft:torch":57,"minecraft:dirt":399,"minecraft:brewing_stand":1,"minecraft:spyglass":8,"minecraft:wheat":1,"minecraft:golden_shovel":32,"minecraft:oak_fence_gate":3,"minecraft:iron_hoe":89,"alexsmobs:maggot":6,"minecraft:iron_axe":417,"minecraft:oak_stairs":9,"iceandfire:copper_axe":272,"minecraft:iron_boots":4,"minecraft:crimson_planks":13,"minecraft:magenta_wool":1,"minecraft:golden_carrot":1,"minecraft:beef":8,"minecraft:soul_soil":4,"iceandfire:armor_copper_metal_helmet":1,"minecraft:cooked_beef":19,"minecraft:cobbled_deepslate":13,"minecraft:pumpkin":7,"minecraft:golden_axe":22,"minecraft:iron_leggings":5,"minecraft:wheat_seeds":55,"minecraft:cooked_mutton":7,"minecraft:water_bucket":89,"minecraft:lead":1,"minecraft:birch_planks":3,"minecraft:glass_bottle":4,"minecraft:baked_potato":75,"minecraft:birch_boat":20,"minecraft:cobblestone_slab":5,"iceandfire:chared_dirt":1,"minecraft:salmon":1,"minecraft:tnt":17,"minecraft:crafting_table":13,"minecraft:red_bed":1,"minecraft:spider_eye":1,"minecraft:white_bed":2,"minecraft:cod":1,"minecraft:cake":1,"minecraft:apple":5,"iceandfire:dragonbone_bow":43,"minecraft:iron_pickaxe":202,"minecraft:leather_helmet":2,"minecraft:stone_axe":131,"minecraft:chiseled_stone_bricks":1,"minecraft:cobblestone":255,"minecraft:porkchop":6,"minecraft:white_banner":1,"minecraft:cooked_porkchop":26,"minecraft:bucket":99,"minecraft:glass_pane":172,"minecraft:pumpkin_pie":3,"alexsmobs:animal_dictionary":1,"iceandfire:silver_shovel":28,"minecraft:dandelion":1,"minecraft:birch_stairs":4}},"DataVersion":3465}