{"stats":{"minecraft:custom":{"minecraft:animals_bred":12,"minecraft:interact_with_crafting_table":87,"minecraft:open_barrel":4,"minecraft:bell_ring":69,"minecraft:leave_game":4,"minecraft:time_since_death":23983,"minecraft:sprint_one_cm":2148146,"minecraft:damage_blocked_by_shield":410,"minecraft:drop":151,"minecraft:talked_to_villager":31,"minecraft:play_time":695981,"minecraft:deaths":25,"minecraft:jump":9311,"minecraft:interact_with_brewingstand":4,"minecraft:walk_on_water_one_cm":145057,"minecraft:interact_with_furnace":59,"minecraft:sleep_in_bed":22,"minecraft:waystone_activated":2,"minecraft:damage_dealt":20761,"minecraft:player_kills":9,"minecraft:crouch_one_cm":114039,"minecraft:mob_kills":101,"minecraft:climb_one_cm":49927,"minecraft:walk_one_cm":1249264,"minecraft:raid_win":1,"minecraft:sneak_time":51796,"minecraft:walk_under_water_one_cm":218732,"minecraft:boat_one_cm":1092211,"minecraft:interact_with_blast_furnace":13,"minecraft:total_world_time":695981,"minecraft:raid_trigger":1,"minecraft:time_since_rest":24008,"minecraft:damage_taken":15105,"minecraft:swim_one_cm":208729,"minecraft:fly_one_cm":1527082,"minecraft:open_chest":552,"minecraft:fall_one_cm":248535},"minecraft:crafted":{"minecraft:oak_planks":1268,"minecraft:cobblestone_slab":12,"minecraft:birch_boat":2,"minecraft:cooked_chicken":3,"iceandfire:copper_axe":3,"minecraft:bow":1,"minecraft:iron_boots":4,"iceandfire:armor_copper_metal_chestplate":2,"iceandfire:dragonbone_arrow":10,"minecraft:oak_button":4,"minecraft:oak_fence":111,"iceandfire:silver_axe":2,"minecraft:glass_bottle":6,"minecraft:wooden_shovel":1,"minecraft:arrow":20,"minecraft:cooked_porkchop":3,"minecraft:crafting_table":7,"minecraft:spruce_planks":24,"minecraft:wooden_pickaxe":2,"minecraft:iron_helmet":2,"minecraft:baked_potato":29,"minecraft:copper_ingot":33,"minecraft:birch_planks":12,"minecraft:iron_chestplate":4,"minecraft:shield":3,"minecraft:stick":224,"minecraft:iron_ingot":45,"minecraft:iron_pickaxe":2,"minecraft:birch_stairs":4,"minecraft:golden_carrot":1,"minecraft:oak_door":6,"minecraft:stone_shovel":1,"minecraft:spyglass":1,"minecraft:furnace":1,"iceandfire:armor_copper_metal_helmet":1,"minecraft:glass_pane":176,"minecraft:flint_and_steel":1,"minecraft:iron_axe":1,"minecraft:ladder":12,"minecraft:stone_pickaxe":9,"minecraft:spruce_boat":1,"minecraft:wheat":108,"minecraft:bucket":1,"minecraft:stone_axe":1,"minecraft:bread":51,"minecraft:air":0,"minecraft:oak_boat":5,"minecraft:oak_fence_gate":8,"minecraft:oak_stairs":12,"minecraft:iron_leggings":4,"minecraft:torch":36},"minecraft:mined":{"minecraft:large_amethyst_bud":2,"minecraft:white_bed":1,"minecraft:brewing_stand":1,"minecraft:granite":48,"minecraft:budding_amethyst":3,"minecraft:grass_block":169,"iceandfire:lectern":3,"minecraft:soul_soil":57,"minecraft:composter":1,"minecraft:chiseled_stone_bricks":6,"minecraft:glowstone":1,"minecraft:iron_ore":20,"minecraft:cobbled_deepslate":3,"minecraft:fire":7,"minecraft:pumpkin":10,"iceandfire:gold_pile":3,"minecraft:dirt_path":1,"minecraft:iron_bars":2,"minecraft:white_banner":1,"iceandfire:chared_cobblestone":11,"minecraft:deepslate_redstone_ore":3,"minecraft:red_bed":2,"minecraft:medium_amethyst_bud":2,"minecraft:amethyst_cluster":18,"minecraft:torch":9,"minecraft:calcite":1,"minecraft:chest":4,"minecraft:dead_bush":5,"minecraft:cobblestone":74,"minecraft:sugar_cane":2,"minecraft:oak_planks":42,"minecraft:wall_torch":4,"minecraft:amethyst_block":8,"minecraft:birch_log":3,"minecraft:wheat":59,"minecraft:grass":184,"minecraft:oak_log":316,"minecraft:oak_fence_gate":1,"minecraft:sand":1,"minecraft:dirt":247,"minecraft:netherrack":139,"minecraft:oak_leaves":98,"minecraft:deepslate":11,"iceandfire:chared_stone":7,"minecraft:tuff":2,"iceandfire:silver_ore":1,"minecraft:ladder":5,"iceandfire:deepslate_silver_ore":3,"iceandfire:chared_dirt":14,"iceandfire:chared_grass":6,"minecraft:hay_block":12,"minecraft:furnace":1,"minecraft:carrots":78,"minecraft:snow":23,"iceandfire:chared_gravel":3,"minecraft:potatoes":5,"minecraft:deepslate_iron_ore":46,"minecraft:vine":3,"minecraft:packed_ice":1,"minecraft:stone":548,"iceandfire:podium_spruce":3,"minecraft:bone_block":9,"minecraft:glass_pane":12,"minecraft:soul_sand":18,"minecraft:spruce_door":2,"minecraft:oak_fence":2,"minecraft:crafting_table":6,"minecraft:rose_bush":25,"minecraft:tall_grass":3,"minecraft:copper_ore":16,"minecraft:deepslate_gold_ore":5,"minecraft:lily_pad":2,"minecraft:birch_planks":3,"minecraft:ice":1,"minecraft:spruce_log":6,"minecraft:coal_ore":11,"minecraft:gravel":37},"minecraft:broken":{"minecraft:stone_pickaxe":4,"minecraft:stone_axe":1,"minecraft:iron_sword":1,"minecraft:iron_hoe":1,"minecraft:leather_helmet":1,"minecraft:iron_axe":1,"minecraft:iron_pickaxe":1},"minecraft:killed_by":{"minecraft:creeper":1,"alexsmobs:dropbear":1,"minecraft:blaze":1,"minecraft:zombie":2,"iceandfire:fire_dragon":2,"minecraft:player":2,"minecraft:spider":1,"minecraft:enderman":1,"minecraft:skeleton":4},"minecraft:dropped":{"minecraft:oak_log":1,"minecraft:baked_potato":15,"iceandfire:silver_axe":1,"minecraft:diamond":16,"minecraft:crafting_table":1,"minecraft:cooked_porkchop":9,"minecraft:crossbow":1,"minecraft:dirt":24,"minecraft:iron_pickaxe":1,"minecraft:white_wool":1,"minecraft:bone":1,"minecraft:gravel":1,"minecraft:white_tulip":3,"minecraft:stone_axe":1,"minecraft:spyglass":1,"minecraft:obsidian":22,"minecraft:rotten_flesh":1,"minecraft:oak_planks":2,"alexsmobs:cachalot_whale_tooth":2,"minecraft:carrot":1,"minecraft:chiseled_stone_bricks":1,"iceandfire:bestiary":1,"minecraft:netherrack":2,"minecraft:egg":5,"iceandfire:dragonbone_sword":1,"minecraft:bread":1,"minecraft:wheat_seeds":7,"minecraft:lead":4,"minecraft:iron_helmet":1,"minecraft:cobblestone":68,"minecraft:copper_ingot":2,"minecraft:torch":1,"minecraft:iron_leggings":3,"minecraft:lily_pad":7,"minecraft:stone_shovel":2,"minecraft:iron_boots":3,"minecraft:iron_hoe":1,"iceandfire:troll_tusk":2,"iceandfire:copper_axe":1,"minecraft:filled_map":6,"minecraft:shield":2,"minecraft:oak_button":4,"minecraft:iron_chestplate":3,"minecraft:oak_sapling":2,"iceandfire:dragonbone_bow":1,"minecraft:bow":2,"minecraft:stone_pickaxe":1},"minecraft:killed":{"minecraft:spider":15,"minecraft:skeleton":10,"minecraft:chicken":7,"minecraft:wolf":1,"minecraft:pig":7,"minecraft:salmon":1,"minecraft:creeper":4,"minecraft:sheep":1,"minecraft:pillager":5,"minecraft:zombie":28,"minecraft:stray":1,"minecraft:ghast":1,"alexsmobs:fly":1,"minecraft:cow":3,"minecraft:vindicator":3,"alexsmobs:seagull":3,"minecraft:slime":1,"minecraft:ravager":1,"minecraft:enderman":2},"minecraft:used":{"iceandfire:lectern":2,"minecraft:iron_shovel":13,"minecraft:ladder":11,"minecraft:chest":2,"minecraft:shield":16,"minecraft:iron_sword":148,"minecraft:bell":1,"minecraft:rotten_flesh":24,"minecraft:iron_chestplate":3,"minecraft:mutton":1,"minecraft:carrot":292,"minecraft:tuff":1,"minecraft:snowball":27,"minecraft:stripped_spruce_log":1,"minecraft:spruce_boat":2,"minecraft:glass":6,"minecraft:lava_bucket":11,"minecraft:iron_helmet":2,"minecraft:golden_sword":5,"minecraft:bow":39,"iceandfire:chared_stone":4,"minecraft:oak_sapling":7,"minecraft:furnace":1,"minecraft:egg":49,"minecraft:potato":11,"minecraft:mossy_stone_bricks":3,"minecraft:spruce_door":1,"minecraft:stone_pickaxe":716,"minecraft:oak_planks":409,"minecraft:ender_pearl":1,"minecraft:wooden_pickaxe":77,"minecraft:composter":1,"iceandfire:podium_spruce":2,"minecraft:sand":1,"minecraft:blast_furnace":1,"minecraft:crossbow":1,"iceandfire:silver_axe":210,"iceandfire:armor_copper_metal_chestplate":4,"minecraft:bread":51,"minecraft:gravel":19,"minecraft:oak_boat":19,"minecraft:coarse_dirt":3,"minecraft:oak_fence":98,"minecraft:flint_and_steel":7,"minecraft:stone_shovel":78,"minecraft:spruce_planks":17,"minecraft:wooden_shovel":24,"minecraft:cooked_chicken":4,"minecraft:netherrack":84,"minecraft:oak_door":4,"minecraft:torch":54,"minecraft:dirt":317,"minecraft:brewing_stand":1,"minecraft:spyglass":8,"minecraft:wheat":1,"minecraft:oak_fence_gate":3,"minecraft:iron_hoe":89,"alexsmobs:maggot":6,"minecraft:iron_axe":185,"minecraft:oak_stairs":9,"iceandfire:copper_axe":103,"minecraft:iron_boots":4,"minecraft:golden_carrot":1,"minecraft:beef":8,"minecraft:soul_soil":4,"iceandfire:armor_copper_metal_helmet":1,"minecraft:cobbled_deepslate":13,"minecraft:pumpkin":7,"minecraft:iron_leggings":4,"minecraft:wheat_seeds":55,"minecraft:cooked_mutton":5,"minecraft:water_bucket":69,"minecraft:lead":1,"minecraft:birch_planks":3,"minecraft:glass_bottle":4,"minecraft:baked_potato":35,"minecraft:birch_boat":20,"minecraft:cobblestone_slab":5,"iceandfire:chared_dirt":1,"minecraft:salmon":1,"minecraft:crafting_table":10,"minecraft:spider_eye":1,"minecraft:white_bed":2,"minecraft:apple":4,"iceandfire:dragonbone_bow":1,"minecraft:iron_pickaxe":202,"minecraft:leather_helmet":2,"minecraft:stone_axe":131,"minecraft:chiseled_stone_bricks":1,"minecraft:cobblestone":249,"minecraft:porkchop":6,"minecraft:white_banner":1,"minecraft:cooked_porkchop":8,"minecraft:bucket":78,"minecraft:glass_pane":172,"minecraft:pumpkin_pie":2,"alexsmobs:animal_dictionary":1,"minecraft:birch_stairs":4},"minecraft:picked_up":{"minecraft:iron_chestplate":5,"minecraft:wheat":49,"minecraft:lead":16,"iceandfire:armor_copper_metal_chestplate":3,"minecraft:oak_stairs":1,"minecraft:brewing_stand":1,"minecraft:amethyst_block":8,"iceandfire:manuscript":2,"minecraft:string":26,"minecraft:soul_soil":56,"minecraft:raw_copper":67,"minecraft:iron_leggings":6,"minecraft:gold_nugget":32,"minecraft:cobbled_deepslate":24,"iceandfire:frost_lily":1,"minecraft:spruce_planks":3,"minecraft:white_tulip":3,"iceandfire:wither_shard":2,"minecraft:rose_bush":50,"minecraft:cobblestone_slab":1,"minecraft:calcite":1,"minecraft:iron_pickaxe":3,"minecraft:iron_boots":5,"minecraft:furnace":2,"minecraft:tipped_arrow":2,"minecraft:stick":48,"minecraft:composter":1,"minecraft:oak_fence":3,"minecraft:torch":29,"minecraft:porkchop":10,"iceandfire:rotten_egg":1,"iceandfire:armor_silver_metal_boots":1,"minecraft:rotten_flesh":36,"minecraft:obsidian":3,"minecraft:iron_bars":2,"minecraft:snowball":57,"minecraft:cobblestone":818,"minecraft:birch_log":3,"minecraft:feather":11,"minecraft:water_bucket":4,"minecraft:potato":11,"minecraft:flint":4,"minecraft:tuff":1,"minecraft:dirt":458,"minecraft:glass":2,"minecraft:bone":7,"minecraft:bow":2,"minecraft:wheat_seeds":160,"minecraft:raw_gold":6,"minecraft:glowstone_dust":4,"minecraft:oak_planks":652,"minecraft:cooked_porkchop":2,"iceandfire:podium_spruce":3,"iceandfire:copper_axe":1,"minecraft:sand":1,"alexsmobs:animal_dictionary":1,"iceandfire:chared_cobblestone":11,"minecraft:iron_hoe":2,"minecraft:sugar":13,"minecraft:diamond":12,"minecraft:spruce_boat":1,"iceandfire:lectern":3,"minecraft:crossbow":1,"minecraft:granite":96,"iceandfire:dragonbone_bow":2,"minecraft:emerald":1,"minecraft:bread":2,"alexsmobs:maggot":1,"minecraft:oak_sapling":13,"minecraft:netherrack":160,"iceandfire:raw_silver":5,"minecraft:crafting_table":7,"minecraft:chicken":6,"minecraft:ladder":5,"iceandfire:dragonbone_arrow":5,"minecraft:brown_mushroom":16,"minecraft:wooden_pickaxe":4,"minecraft:shield":4,"minecraft:iron_axe":2,"minecraft:glass_pane":4,"minecraft:blue_orchid":9,"iceandfire:bestiary":2,"minecraft:beef":8,"minecraft:oak_boat":19,"minecraft:sugar_cane":17,"minecraft:chest":4,"minecraft:birch_sapling":1,"minecraft:egg":62,"minecraft:raw_iron":69,"iceandfire:dragonbone":2,"iceandfire:troll_tusk":2,"minecraft:copper_ingot":9,"iceandfire:chared_grass":6,"minecraft:bowl":2,"minecraft:carrot":415,"minecraft:redstone":14,"minecraft:stone_shovel":3,"minecraft:arrow":16,"iceandfire:chared_dirt":13,"minecraft:hay_block":12,"minecraft:saddle":1,"minecraft:mutton":1,"minecraft:white_wool":4,"minecraft:bone_block":7,"iceandfire:silver_axe":3,"minecraft:glow_ink_sac":5,"minecraft:salmon":1,"minecraft:leather":7,"minecraft:music_disc_stal":1,"minecraft:filled_map":6,"minecraft:birch_planks":4,"alexsmobs:cachalot_whale_tooth":2,"minecraft:oak_log":318,"minecraft:lily_pad":14,"iceandfire:ectoplasm":1,"minecraft:gunpowder":9,"minecraft:paper":6,"minecraft:white_banner":3,"minecraft:cooked_mutton":1,"minecraft:apple":4,"iceandfire:armor_silver_metal_helmet":1,"minecraft:oak_fence_gate":1,"minecraft:iron_ingot":20,"minecraft:stone_pickaxe":4,"minecraft:glass_bottle":3,"minecraft:soul_sand":19,"minecraft:iron_sword":6,"iceandfire:chared_stone":7,"minecraft:birch_boat":20,"minecraft:pumpkin":15,"minecraft:chiseled_stone_bricks":4,"iceandfire:dragonbone_sword":1,"minecraft:spyglass":1,"minecraft:gravel":43,"minecraft:amethyst_shard":78,"minecraft:white_bed":2,"minecraft:spruce_log":6,"minecraft:crying_obsidian":1,"minecraft:spruce_door":2,"minecraft:spider_eye":7,"minecraft:leather_helmet":1,"minecraft:stone_axe":3,"minecraft:iron_helmet":3,"minecraft:baked_potato":59,"minecraft:black_wool":1,"iceandfire:chared_gravel":3,"minecraft:coal":54,"minecraft:ender_pearl":1}},"DataVersion":3465}