{"stats":{"minecraft:killed":{"minecraft:skeleton":1,"minecraft:chicken":3,"minecraft:pig":10,"minecraft:salmon":1,"minecraft:rabbit":4,"minecraft:sheep":1,"minecraft:zombie":3,"iceandfire:ghost":1,"minecraft:cow":1},"minecraft:crafted":{"minecraft:oak_planks":16,"minecraft:cooked_chicken":3,"minecraft:furnace":1,"minecraft:cooked_mutton":9,"minecraft:stone_pickaxe":3,"minecraft:chest":12,"iceandfire:armor_silver_metal_boots":1,"minecraft:cooked_rabbit":2,"minecraft:cooked_porkchop":10,"iceandfire:silver_ingot":6,"minecraft:spruce_planks":20,"minecraft:baked_potato":12,"minecraft:wooden_pickaxe":2,"minecraft:iron_sword":1,"iceandfire:armor_silver_metal_helmet":1,"minecraft:stick":24,"minecraft:iron_pickaxe":2,"minecraft:iron_ingot":10,"minecraft:wooden_axe":1,"minecraft:stone_sword":1,"minecraft:torch":32},"minecraft:custom":{"minecraft:mob_kills":26,"minecraft:interact_with_crafting_table":20,"minecraft:bell_ring":28,"minecraft:leave_game":1,"minecraft:time_since_death":84911,"minecraft:climb_one_cm":993,"minecraft:sprint_one_cm":575466,"minecraft:walk_one_cm":458491,"minecraft:drop":101,"minecraft:talked_to_villager":1,"minecraft:play_time":182816,"minecraft:deaths":6,"minecraft:sneak_time":1257,"minecraft:walk_under_water_one_cm":28016,"minecraft:boat_one_cm":75494,"minecraft:jump":1928,"minecraft:interact_with_blast_furnace":1,"minecraft:walk_on_water_one_cm":49083,"minecraft:total_world_time":182816,"minecraft:interact_with_furnace":36,"minecraft:sleep_in_bed":12,"minecraft:time_since_rest":28642,"minecraft:damage_taken":2623,"minecraft:trigger_trapped_chest":2,"minecraft:damage_dealt":3579,"minecraft:swim_one_cm":55738,"minecraft:fly_one_cm":236115,"minecraft:player_kills":1,"minecraft:open_chest":27,"minecraft:crouch_one_cm":5535,"minecraft:fall_one_cm":34874},"minecraft:mined":{"minecraft:dark_oak_planks":1,"minecraft:white_bed":2,"iceandfire:silver_ore":6,"minecraft:grass_block":14,"minecraft:spruce_leaves":5,"minecraft:furnace":2,"minecraft:iron_ore":10,"minecraft:peony":8,"minecraft:potatoes":6,"minecraft:lantern":1,"minecraft:packed_ice":2,"minecraft:stripped_oak_log":3,"iceandfire:frost_lily":1,"minecraft:stone":171,"minecraft:brown_mushroom":7,"minecraft:red_bed":4,"minecraft:crafting_table":5,"minecraft:chest":1,"minecraft:cobblestone":2,"minecraft:sugar_cane":5,"minecraft:blue_bed":1,"minecraft:wall_torch":3,"minecraft:spruce_log":12,"minecraft:birch_leaves":1,"minecraft:grass":25,"minecraft:oak_log":20,"minecraft:coal_ore":14,"minecraft:dirt":75,"minecraft:oak_leaves":2,"minecraft:fern":2},"minecraft:killed_by":{"minecraft:player":1,"minecraft:enderman":1,"minecraft:skeleton":1,"iceandfire:ghost":3},"minecraft:picked_up":{"minecraft:wooden_axe":1,"minecraft:crafting_table":6,"minecraft:chicken":5,"minecraft:brown_mushroom":16,"minecraft:cooked_rabbit":2,"minecraft:red_bed":7,"minecraft:raw_copper":3,"minecraft:wooden_sword":1,"minecraft:white_carpet":9,"minecraft:spruce_planks":11,"iceandfire:frost_lily":1,"minecraft:beef":1,"minecraft:red_dye":1,"minecraft:redstone_torch":1,"minecraft:iron_pickaxe":1,"minecraft:chest":1,"minecraft:sugar_cane":15,"minecraft:furnace":2,"minecraft:egg":4,"minecraft:tipped_arrow":3,"minecraft:raw_iron":10,"minecraft:torch":6,"minecraft:snow_block":1,"minecraft:porkchop":18,"minecraft:goat_horn":3,"minecraft:rabbit_foot":4,"minecraft:dark_oak_planks":2,"minecraft:arrow":10,"minecraft:rotten_flesh":15,"minecraft:peony":11,"minecraft:mutton":3,"minecraft:iron_bars":2,"minecraft:cod":1,"minecraft:snowball":26,"minecraft:white_wool":1,"minecraft:cobblestone":188,"minecraft:stripped_oak_log":3,"minecraft:feather":2,"minecraft:cooked_beef":5,"minecraft:salmon":2,"minecraft:potato":24,"minecraft:filled_map":1,"alexsmobs:cachalot_whale_tooth":7,"minecraft:flint":2,"minecraft:oak_log":21,"iceandfire:ectoplasm":4,"minecraft:gunpowder":2,"minecraft:dirt":207,"minecraft:blue_bed":1,"minecraft:lantern":4,"minecraft:bone":19,"minecraft:bow":1,"minecraft:wheat_seeds":6,"minecraft:rabbit_hide":5,"minecraft:iron_ingot":6,"minecraft:stone_pickaxe":2,"minecraft:cooked_chicken":1,"minecraft:rabbit":4,"minecraft:oak_planks":31,"minecraft:cooked_porkchop":4,"minecraft:ink_sac":24,"minecraft:white_bed":2,"minecraft:spruce_log":13,"alexsmobs:animal_dictionary":3,"minecraft:leather_helmet":1,"minecraft:spruce_boat":3,"minecraft:iron_helmet":1,"minecraft:baked_potato":5,"minecraft:coal":40,"iceandfire:raw_silver":7},"minecraft:dropped":{"minecraft:porkchop":14,"minecraft:cooked_porkchop":5,"minecraft:dirt":76,"minecraft:wooden_axe":1,"alexsmobs:cachalot_whale_tooth":2,"minecraft:cooked_rabbit":3},"minecraft:broken":{"minecraft:stone_pickaxe":1,"minecraft:wooden_sword":1},"minecraft:used":{"minecraft:peony":7,"minecraft:stone_sword":21,"minecraft:chest":17,"minecraft:iron_sword":40,"minecraft:cooked_chicken":2,"minecraft:torch":25,"minecraft:dirt":28,"minecraft:snowball":4,"minecraft:spruce_boat":1,"minecraft:wooden_axe":25,"minecraft:lantern":1,"minecraft:goat_horn":16,"minecraft:furnace":1,"minecraft:cooked_mutton":7,"minecraft:rabbit":2,"minecraft:stone_pickaxe":192,"minecraft:baked_potato":7,"minecraft:wooden_pickaxe":13,"minecraft:blue_bed":1,"minecraft:crafting_table":4,"minecraft:red_bed":3,"minecraft:white_bed":1,"minecraft:iron_pickaxe":39,"minecraft:wooden_sword":63,"minecraft:cobblestone":3,"minecraft:cooked_porkchop":9,"minecraft:cooked_rabbit":1,"alexsmobs:animal_dictionary":1,"minecraft:stripped_oak_log":1}},"DataVersion":3465}