{"stats":{"minecraft:mined":{"minecraft:dark_oak_planks":1,"minecraft:white_bed":7,"iceandfire:graveyard_soil":11,"minecraft:grass_block":29,"minecraft:iron_ore":10,"minecraft:pumpkin":18,"iceandfire:gold_pile":3,"minecraft:dirt_path":1,"minecraft:blue_orchid":9,"minecraft:brown_mushroom":23,"minecraft:red_bed":5,"minecraft:kelp_plant":10,"minecraft:torch":1,"minecraft:blast_furnace":1,"iceandfire:ghost_chest":2,"minecraft:chest":22,"minecraft:cobblestone":4,"minecraft:sugar_cane":6,"minecraft:oak_planks":1,"minecraft:wall_torch":6,"minecraft:birch_log":25,"minecraft:wheat":141,"minecraft:wither_rose":1,"minecraft:grass":38,"minecraft:oak_log":36,"minecraft:sand":115,"minecraft:dirt":105,"minecraft:oak_leaves":16,"iceandfire:silver_ore":14,"iceandfire:chared_dirt":31,"minecraft:spruce_leaves":5,"minecraft:kelp":3,"minecraft:large_fern":1,"minecraft:furnace":2,"minecraft:carrots":110,"iceandfire:chared_gravel":20,"minecraft:peony":10,"minecraft:potatoes":27,"minecraft:lantern":1,"minecraft:packed_ice":2,"minecraft:stripped_oak_log":3,"iceandfire:frost_lily":1,"minecraft:stone":254,"minecraft:crafting_table":6,"minecraft:emerald_ore":1,"minecraft:blue_bed":1,"minecraft:birch_planks":1,"minecraft:coarse_dirt":2,"minecraft:spruce_log":12,"minecraft:birch_leaves":35,"iceandfire:ash":1,"minecraft:coal_ore":83,"minecraft:cracked_stone_bricks":1,"minecraft:stone_bricks":3,"minecraft:fern":2},"minecraft:killed_by":{"minecraft:creeper":2,"alexsmobs:cachalot_whale":2,"minecraft:player":4,"minecraft:enderman":2,"minecraft:skeleton":3,"iceandfire:ghost":3},"minecraft:crafted":{"minecraft:oak_planks":20,"minecraft:birch_boat":1,"minecraft:cooked_chicken":5,"minecraft:cooked_mutton":10,"minecraft:glass":17,"minecraft:chest":12,"minecraft:birch_door":3,"minecraft:cooked_rabbit":2,"minecraft:wooden_shovel":2,"minecraft:cooked_porkchop":13,"minecraft:crafting_table":1,"minecraft:spruce_planks":20,"minecraft:wooden_pickaxe":2,"minecraft:baked_potato":28,"minecraft:birch_planks":52,"minecraft:stick":28,"minecraft:iron_ingot":10,"minecraft:iron_pickaxe":2,"minecraft:stone_sword":1,"minecraft:furnace":1,"minecraft:bone_meal":63,"minecraft:stone_pickaxe":5,"iceandfire:armor_silver_metal_boots":1,"minecraft:sugar":16,"minecraft:cooked_cod":18,"iceandfire:silver_ingot":8,"minecraft:dried_kelp":1,"minecraft:iron_sword":7,"minecraft:cooked_salmon":21,"minecraft:bread":37,"iceandfire:armor_silver_metal_helmet":1,"minecraft:wooden_axe":1,"minecraft:pumpkin_pie":11,"minecraft:torch":32},"minecraft:used":{"minecraft:peony":13,"minecraft:iron_shovel":113,"minecraft:chest":38,"minecraft:iron_sword":491,"minecraft:iron_chestplate":1,"minecraft:carrot":181,"minecraft:snowball":4,"minecraft:spruce_boat":1,"minecraft:lantern":1,"minecraft:blue_orchid":9,"minecraft:birch_sapling":3,"iceandfire:ghost_chest":1,"minecraft:furnace":3,"minecraft:oak_sapling":5,"minecraft:egg":8,"minecraft:potato":66,"minecraft:stone_pickaxe":253,"minecraft:lily_pad":8,"minecraft:wooden_pickaxe":13,"minecraft:composter":1,"minecraft:blue_bed":1,"minecraft:golden_hoe":35,"iceandfire:silver_axe":9,"minecraft:bread":11,"minecraft:gravel":16,"minecraft:wooden_sword":63,"minecraft:cooked_rabbit":1,"minecraft:bone_meal":78,"minecraft:rose_bush":1,"minecraft:stone_sword":109,"minecraft:cooked_salmon":8,"minecraft:cooked_chicken":3,"minecraft:torch":39,"minecraft:dirt":80,"minecraft:birch_door":3,"minecraft:iron_hoe":67,"minecraft:wooden_axe":59,"minecraft:iron_axe":7,"minecraft:oak_stairs":1,"minecraft:goat_horn":16,"minecraft:wheat_seeds":428,"minecraft:cooked_mutton":9,"minecraft:water_bucket":8,"minecraft:rabbit":2,"minecraft:birch_planks":3,"minecraft:baked_potato":16,"iceandfire:chared_dirt":16,"minecraft:crafting_table":5,"minecraft:red_bed":6,"minecraft:white_bed":5,"minecraft:oak_log":1,"minecraft:wooden_hoe":59,"minecraft:apple":1,"minecraft:suspicious_stew":1,"minecraft:iron_pickaxe":205,"iceandfire:chared_gravel":1,"minecraft:cobblestone":20,"minecraft:cooked_porkchop":12,"minecraft:bucket":8,"minecraft:pumpkin_pie":1,"alexsmobs:animal_dictionary":1,"minecraft:stripped_oak_log":1,"minecraft:kelp":26},"minecraft:killed":{"minecraft:spider":1,"alexsmobs:shoebill":1,"minecraft:cod":26,"minecraft:skeleton":2,"minecraft:chicken":4,"minecraft:pig":11,"minecraft:salmon":47,"minecraft:sheep":3,"minecraft:trader_llama":2,"minecraft:zombie":12,"alexsmobs:fly":1,"minecraft:cow":1,"alexsmobs:raccoon":1,"minecraft:rabbit":4,"iceandfire:ghost":10,"alexsmobs:crow":1},"minecraft:dropped":{"minecraft:iron_sword":3,"minecraft:porkchop":14,"minecraft:birch_planks":36,"minecraft:oak_log":27,"minecraft:cooked_porkchop":5,"iceandfire:ectoplasm":1,"minecraft:birch_slab":5,"iceandfire:graveyard_soil":2,"minecraft:dirt":94,"minecraft:cooked_cod":37,"minecraft:pumpkin_pie":2,"minecraft:bone_meal":4,"minecraft:sand":156,"minecraft:iron_pickaxe":1,"iceandfire:armor_silver_metal_helmet":1,"minecraft:birch_log":12,"minecraft:white_wool":1,"minecraft:stone_axe":1,"minecraft:wheat":1,"minecraft:birch_sapling":2,"minecraft:rotten_flesh":1,"minecraft:oak_planks":202,"alexsmobs:cachalot_whale_tooth":2,"minecraft:salmon":1,"minecraft:carrot":12,"iceandfire:armor_silver_metal_boots":2,"minecraft:glass":3,"minecraft:water_bucket":4,"minecraft:iron_ingot":11,"minecraft:bread":3,"minecraft:oak_slab":11,"minecraft:wheat_seeds":33,"minecraft:oak_fence":12,"minecraft:cobblestone":1,"minecraft:lead":1,"minecraft:stick":5,"minecraft:ink_sac":9,"minecraft:wooden_axe":1,"minecraft:cooked_salmon":21,"minecraft:iron_leggings":1,"minecraft:pumpkin":7,"minecraft:iron_axe":2,"minecraft:iron_shovel":1,"minecraft:paper":6,"minecraft:string":1,"minecraft:coarse_dirt":1,"minecraft:stone_shovel":2,"minecraft:iron_hoe":1,"minecraft:glass_pane":28,"minecraft:filled_map":3,"minecraft:peony":2,"minecraft:iron_chestplate":1,"minecraft:oak_boat":2,"minecraft:stone_pickaxe":1,"minecraft:wooden_pickaxe":1,"minecraft:cooked_rabbit":3},"minecraft:custom":{"minecraft:animals_bred":3,"minecraft:interact_with_crafting_table":54,"minecraft:open_barrel":3,"minecraft:bell_ring":28,"minecraft:leave_game":3,"minecraft:time_since_death":71973,"minecraft:sprint_one_cm":1156969,"minecraft:drop":709,"minecraft:talked_to_villager":1,"minecraft:play_time":599246,"minecraft:deaths":19,"minecraft:jump":5876,"minecraft:walk_on_water_one_cm":209277,"minecraft:interact_with_furnace":83,"minecraft:sleep_in_bed":24,"minecraft:damage_dealt":12498,"minecraft:player_kills":2,"minecraft:crouch_one_cm":13951,"minecraft:mob_kills":128,"minecraft:climb_one_cm":15280,"minecraft:walk_one_cm":1606219,"minecraft:sneak_time":3318,"minecraft:walk_under_water_one_cm":198885,"minecraft:boat_one_cm":343415,"minecraft:interact_with_blast_furnace":2,"minecraft:total_world_time":599246,"minecraft:time_since_rest":24707,"minecraft:damage_taken":8454,"minecraft:trigger_trapped_chest":3,"minecraft:swim_one_cm":315630,"minecraft:fly_one_cm":542663,"minecraft:open_chest":287,"minecraft:fall_one_cm":124596},"minecraft:broken":{"minecraft:stone_pickaxe":1,"minecraft:wooden_sword":1,"minecraft:wooden_axe":1,"minecraft:golden_hoe":1,"minecraft:wooden_hoe":1},"minecraft:picked_up":{"minecraft:wooden_axe":1,"minecraft:iron_chestplate":4,"minecraft:wheat":172,"minecraft:lead":9,"minecraft:oak_stairs":2,"minecraft:wither_rose":3,"minecraft:enchanted_book":3,"iceandfire:manuscript":20,"minecraft:string":12,"minecraft:raw_copper":35,"minecraft:cooked_salmon":31,"minecraft:iron_leggings":5,"minecraft:gold_nugget":198,"minecraft:bucket":1,"iceandfire:frost_lily":2,"minecraft:spruce_planks":11,"minecraft:red_dye":1,"minecraft:rose_bush":1,"minecraft:redstone_torch":1,"waystones:return_scroll":3,"minecraft:iron_pickaxe":12,"minecraft:iron_boots":3,"minecraft:furnace":18,"minecraft:tipped_arrow":3,"minecraft:stick":6,"iceandfire:ghost_chest":3,"minecraft:composter":1,"minecraft:oak_fence":27,"minecraft:torch":39,"minecraft:snow_block":1,"minecraft:porkchop":20,"minecraft:dried_kelp":5,"minecraft:goat_horn":3,"minecraft:rabbit_foot":4,"iceandfire:armor_silver_metal_boots":5,"minecraft:stone_sword":2,"minecraft:rotten_flesh":47,"minecraft:obsidian":5,"minecraft:iron_bars":2,"minecraft:cod":25,"minecraft:snowball":37,"minecraft:cobblestone":509,"minecraft:birch_log":25,"minecraft:feather":23,"minecraft:cooked_beef":5,"minecraft:water_bucket":7,"minecraft:potato":103,"minecraft:flint":4,"minecraft:lantern":4,"minecraft:dirt":304,"minecraft:glass":293,"minecraft:bone":82,"minecraft:bow":1,"minecraft:wheat_seeds":399,"minecraft:rabbit":4,"minecraft:oak_planks":904,"minecraft:cooked_porkchop":12,"iceandfire:podium_spruce":1,"minecraft:poisonous_potato":6,"iceandfire:shiny_scales":1,"minecraft:sand":309,"minecraft:ink_sac":169,"minecraft:barrel":2,"alexsmobs:animal_dictionary":4,"minecraft:iron_hoe":11,"minecraft:spruce_boat":3,"iceandfire:lectern":1,"minecraft:bone_meal":20,"minecraft:bread":10,"minecraft:emerald":1,"alexsmobs:maggot":4,"minecraft:oak_sapling":9,"iceandfire:raw_silver":20,"minecraft:coarse_dirt":4,"minecraft:crafting_table":15,"minecraft:chicken":6,"minecraft:ladder":6,"minecraft:brown_mushroom":49,"minecraft:wooden_pickaxe":9,"minecraft:cooked_rabbit":2,"minecraft:chain":2,"minecraft:shield":1,"minecraft:wooden_sword":1,"minecraft:red_bed":10,"minecraft:iron_axe":2,"minecraft:white_carpet":9,"minecraft:iron_shovel":8,"minecraft:glass_pane":28,"minecraft:blue_orchid":18,"iceandfire:bestiary":1,"iceandfire:graveyard_soil":12,"minecraft:cracked_stone_bricks":1,"minecraft:cartography_table":1,"minecraft:beef":1,"minecraft:oak_boat":5,"minecraft:sugar_cane":33,"minecraft:chest":22,"minecraft:birch_sapling":5,"minecraft:egg":34,"minecraft:raw_iron":10,"minecraft:oak_door":2,"minecraft:fire_charge":1,"minecraft:carrot":414,"minecraft:redstone":14,"minecraft:dark_oak_planks":2,"minecraft:arrow":17,"minecraft:stone_shovel":18,"minecraft:cooked_cod":19,"minecraft:peony":18,"minecraft:pumpkin_pie":1,"minecraft:golden_hoe":4,"iceandfire:chared_dirt":30,"minecraft:gold_ingot":10,"minecraft:mutton":5,"minecraft:skeleton_skull":2,"minecraft:white_wool":2,"minecraft:stripped_oak_log":3,"iceandfire:silver_axe":3,"minecraft:purple_dye":1,"minecraft:glow_ink_sac":29,"minecraft:salmon":54,"minecraft:leather":4,"minecraft:music_disc_stal":1,"minecraft:filled_map":5,"minecraft:birch_planks":43,"alexsmobs:cachalot_whale_tooth":27,"minecraft:oak_log":52,"minecraft:lily_pad":7,"iceandfire:ectoplasm":14,"minecraft:gunpowder":8,"minecraft:wooden_hoe":1,"minecraft:blue_bed":1,"minecraft:paper":11,"minecraft:stone_bricks":15,"minecraft:kelp":52,"iceandfire:armor_silver_metal_helmet":4,"minecraft:rabbit_hide":5,"minecraft:iron_ingot":13,"minecraft:oak_fence_gate":6,"minecraft:stone_pickaxe":14,"minecraft:cooked_chicken":2,"minecraft:cobweb":2,"minecraft:glass_bottle":2,"minecraft:iron_sword":12,"minecraft:book":7,"minecraft:oak_slab":11,"minecraft:birch_boat":1,"minecraft:pumpkin":24,"iceandfire:ash":1,"minecraft:gravel":53,"minecraft:amethyst_shard":78,"minecraft:blast_furnace":3,"minecraft:white_bed":6,"minecraft:spruce_log":13,"minecraft:spruce_door":1,"minecraft:spider_eye":4,"minecraft:leather_helmet":1,"minecraft:stone_axe":1,"minecraft:iron_helmet":3,"minecraft:baked_potato":20,"iceandfire:chared_gravel":28,"minecraft:pink_dye":2,"minecraft:coal":126}},"DataVersion":3465}