{"stats":{"minecraft:killed":{"minecraft:rabbit":4},"minecraft:crafted":{"minecraft:spruce_planks":20,"minecraft:stick":4,"minecraft:stone_pickaxe":1,"minecraft:wooden_pickaxe":1,"minecraft:cooked_rabbit":2,"minecraft:cooked_mutton":6},"minecraft:custom":{"minecraft:time_since_rest":4876,"minecraft:interact_with_furnace":7,"minecraft:sprint_one_cm":223650,"minecraft:damage_taken":682,"minecraft:walk_one_cm":150592,"minecraft:mob_kills":5,"minecraft:drop":3,"minecraft:damage_dealt":402,"minecraft:interact_with_crafting_table":2,"minecraft:fly_one_cm":27812,"minecraft:open_chest":7,"minecraft:crouch_one_cm":3776,"minecraft:play_time":50816,"minecraft:deaths":1,"minecraft:bell_ring":28,"minecraft:sneak_time":679,"minecraft:jump":342,"minecraft:interact_with_blast_furnace":1,"minecraft:leave_game":1,"minecraft:time_since_death":35774,"minecraft:walk_on_water_one_cm":768,"minecraft:sleep_in_bed":9,"minecraft:total_world_time":50816,"minecraft:fall_one_cm":7447},"minecraft:mined":{"minecraft:dark_oak_planks":1,"minecraft:furnace":1,"minecraft:red_bed":2,"minecraft:spruce_log":12,"minecraft:crafting_table":3,"minecraft:grass":3,"minecraft:grass_block":3,"minecraft:potatoes":6,"minecraft:packed_ice":2,"iceandfire:frost_lily":1,"minecraft:spruce_leaves":4,"minecraft:stone":3,"minecraft:sugar_cane":4,"minecraft:blue_bed":1,"minecraft:wall_torch":1},"minecraft:killed_by":{"minecraft:player":1},"minecraft:picked_up":{"minecraft:tipped_arrow":1,"minecraft:crafting_table":3,"minecraft:torch":2,"minecraft:potato":12,"minecraft:filled_map":1,"minecraft:cooked_rabbit":2,"minecraft:snow_block":1,"minecraft:spruce_log":11,"minecraft:dirt":2,"minecraft:blue_bed":1,"alexsmobs:animal_dictionary":1,"minecraft:goat_horn":1,"minecraft:rabbit_foot":2,"minecraft:red_bed":4,"minecraft:dark_oak_planks":2,"minecraft:arrow":2,"minecraft:bone":2,"iceandfire:frost_lily":1,"minecraft:iron_ingot":2,"minecraft:rabbit":4,"minecraft:sugar_cane":13,"minecraft:cobblestone":3,"minecraft:furnace":1},"minecraft:dropped":{"minecraft:cooked_rabbit":3},"minecraft:used":{"minecraft:cooked_mutton":6,"minecraft:rabbit":2,"minecraft:wooden_pickaxe":5,"minecraft:blue_bed":1,"minecraft:torch":1,"minecraft:crafting_table":2,"minecraft:red_bed":2,"minecraft:goat_horn":4,"alexsmobs:animal_dictionary":1,"minecraft:cooked_rabbit":1}},"DataVersion":3465}