{"stats":{"minecraft:broken":{"minecraft:iron_shovel":4,"minecraft:wooden_shovel":4,"minecraft:iron_boots":1,"minecraft:golden_shovel":1,"minecraft:stone_pickaxe":1,"minecraft:golden_sword":1,"minecraft:wooden_sword":1,"minecraft:wooden_axe":1,"minecraft:stone_shovel":1,"minecraft:golden_hoe":1,"minecraft:wooden_pickaxe":1,"minecraft:golden_axe":1,"minecraft:iron_axe":1,"minecraft:iron_helmet":1,"minecraft:wooden_hoe":1},"minecraft:killed":{"minecraft:spider":5,"alexsmobs:shoebill":1,"minecraft:cod":26,"minecraft:skeleton":3,"minecraft:chicken":31,"minecraft:pig":43,"alexsmobs:grizzly_bear":1,"minecraft:salmon":47,"minecraft:creeper":1,"twilightforest:skeleton_druid":3,"minecraft:sheep":15,"minecraft:trader_llama":2,"minecraft:pillager":1,"minecraft:zombie":20,"alexsmobs:fly":1,"minecraft:cow":1,"alexsmobs:raccoon":2,"minecraft:slime":17,"minecraft:phantom":1,"iceandfire:dread_knight":14,"iceandfire:dread_thrall":14,"alexsmobs:blue_jay":1,"alexsmobs:bison":1,"minecraft:rabbit":4,"twilightforest:kobold":2,"iceandfire:ghost":11,"alexsmobs:crow":1,"minecraft:enderman":1},"minecraft:mined":{"minecraft:dark_oak_planks":1,"minecraft:spruce_planks":9,"minecraft:white_bed":7,"minecraft:farmland":4,"iceandfire:graveyard_soil":11,"iceandfire:dread_torch":4,"minecraft:mossy_stone_brick_slab":7,"minecraft:cobblestone_stairs":3,"twilightforest:oak_banister":6,"minecraft:stone_brick_wall":2,"minecraft:grass_block":1207,"minecraft:soul_soil":4,"minecraft:oxeye_daisy":1,"minecraft:chiseled_stone_bricks":3,"minecraft:tall_seagrass":3,"minecraft:mossy_cobblestone_slab":19,"minecraft:barrel":1,"minecraft:iron_ore":27,"minecraft:pumpkin":81,"minecraft:azure_bluet":1,"iceandfire:gold_pile":45,"minecraft:dirt_path":33,"minecraft:blue_orchid":14,"minecraft:brown_mushroom":24,"minecraft:red_bed":5,"minecraft:kelp_plant":10,"minecraft:torch":16,"minecraft:blast_furnace":1,"minecraft:poppy":2,"minecraft:melon":5,"iceandfire:ghost_chest":2,"minecraft:chest":24,"minecraft:mushroom_stem":5,"iceandfire:fire_lily":2,"minecraft:cobblestone":43,"minecraft:oak_planks":7,"minecraft:sugar_cane":216,"minecraft:wall_torch":9,"minecraft:seagrass":6,"minecraft:birch_log":48,"minecraft:wheat":398,"minecraft:orange_tulip":1,"minecraft:pumpkin_stem":8,"minecraft:stone_brick_stairs":5,"minecraft:wither_rose":2,"minecraft:grass":101,"minecraft:oak_log":90,"minecraft:beetroots":132,"minecraft:oak_fence_gate":4,"minecraft:sand":172,"minecraft:dirt":869,"minecraft:red_mushroom_block":45,"minecraft:oak_leaves":311,"minecraft:red_carpet":2,"iceandfire:silver_ore":18,"minecraft:mossy_cobblestone":14,"gravestone:gravestone":3,"minecraft:allium":1,"twilightforest:mangrove_slab":3,"minecraft:crimson_roots":2,"iceandfire:chared_dirt":71,"minecraft:birch_slab":5,"minecraft:spruce_leaves":11,"minecraft:red_mushroom":2,"minecraft:kelp":3,"iceandfire:chared_grass":9,"minecraft:large_fern":1,"twilightforest:mushgloom":6,"minecraft:furnace":2,"minecraft:carrots":243,"twilightforest:mangrove_fence":4,"minecraft:snow":3,"minecraft:andesite":12,"iceandfire:chared_gravel":44,"minecraft:peony":10,"minecraft:mossy_stone_brick_stairs":27,"minecraft:vine":4,"minecraft:cobblestone_slab":8,"minecraft:potatoes":249,"minecraft:lantern":3,"minecraft:stripped_oak_log":3,"minecraft:packed_ice":8,"iceandfire:frost_lily":3,"minecraft:white_tulip":1,"minecraft:stone":1421,"minecraft:birch_stairs":5,"minecraft:oak_slab":3,"minecraft:lily_of_the_valley":3,"minecraft:stone_brick_slab":3,"minecraft:cornflower":1,"minecraft:oak_fence":1,"minecraft:crafting_table":7,"minecraft:emerald_ore":1,"minecraft:tall_grass":8,"minecraft:lily_pad":15,"twilightforest:mayapple":3,"minecraft:blue_bed":1,"minecraft:spruce_stairs":5,"minecraft:birch_planks":1,"minecraft:coarse_dirt":26,"minecraft:cobblestone_wall":3,"minecraft:sweet_berry_bush":2,"minecraft:ice":27,"minecraft:spruce_log":19,"minecraft:birch_leaves":38,"iceandfire:ash":9,"minecraft:yellow_bed":1,"minecraft:coal_ore":157,"minecraft:flower_pot":2,"twilightforest:moss_patch":5,"minecraft:gravel":490,"minecraft:cracked_stone_bricks":21,"minecraft:stone_bricks":41,"minecraft:mossy_stone_bricks":28,"minecraft:fern":3},"minecraft:picked_up":{"minecraft:wooden_axe":4,"iceandfire:dread_stone_bricks":1,"minecraft:birch_door":3,"minecraft:iron_chestplate":12,"minecraft:wheat":407,"minecraft:lead":9,"iceandfire:armor_copper_metal_chestplate":1,"minecraft:oak_stairs":2,"minecraft:wither_rose":4,"minecraft:enchanted_book":3,"minecraft:stone_brick_stairs":5,"iceandfire:manuscript":20,"minecraft:string":20,"minecraft:soul_soil":4,"minecraft:raw_copper":35,"minecraft:cooked_salmon":31,"minecraft:iron_leggings":8,"minecraft:beetroot":123,"minecraft:written_book":3,"minecraft:gold_nugget":779,"minecraft:bucket":2,"iceandfire:frost_lily":6,"minecraft:spruce_planks":18,"minecraft:white_tulip":1,"minecraft:red_dye":1,"waystones:return_scroll":15,"minecraft:rose_bush":1,"minecraft:redstone_torch":1,"minecraft:cobblestone_slab":11,"minecraft:wooden_shovel":12,"minecraft:iron_pickaxe":12,"minecraft:melon_slice":22,"twilightforest:firefly_jar":2,"minecraft:iron_boots":13,"minecraft:furnace":18,"minecraft:tipped_arrow":5,"minecraft:stick":63,"iceandfire:ghost_chest":3,"minecraft:composter":1,"twilightforest:oak_banister":22,"minecraft:oak_fence":29,"minecraft:torch":98,"minecraft:spruce_stairs":2,"iceandfire:dread_torch":9,"minecraft:snow_block":1,"minecraft:porkchop":95,"minecraft:dried_kelp":5,"minecraft:rabbit_foot":4,"minecraft:goat_horn":3,"iceandfire:armor_silver_metal_boots":5,"minecraft:stone_sword":2,"minecraft:rotten_flesh":94,"minecraft:carved_pumpkin":5,"minecraft:obsidian":5,"minecraft:iron_bars":3,"minecraft:cod":25,"minecraft:snowball":40,"minecraft:cobblestone":1621,"minecraft:birch_log":48,"iceandfire:sapphire_gem":9,"minecraft:mossy_cobblestone_slab":25,"minecraft:feather":57,"minecraft:cooked_beef":5,"minecraft:birch_slab":5,"minecraft:water_bucket":9,"minecraft:andesite":10,"minecraft:potato":907,"alexsmobs:bear_fur":2,"minecraft:flint":42,"minecraft:dirt":2320,"minecraft:lantern":6,"minecraft:glass":293,"minecraft:bone":138,"minecraft:stonecutter":1,"minecraft:bow":1,"minecraft:orange_tulip":1,"minecraft:wheat_seeds":1069,"minecraft:bell":1,"minecraft:mossy_stone_bricks":23,"minecraft:rabbit":4,"minecraft:moss_block":3,"minecraft:oak_planks":938,"minecraft:mossy_stone_brick_stairs":26,"twilightforest:mushgloom":6,"minecraft:cooked_porkchop":21,"iceandfire:podium_spruce":1,"minecraft:poisonous_potato":9,"iceandfire:dragon_skull_fire":1,"iceandfire:shiny_scales":1,"minecraft:sand":365,"twilightforest:mangrove_fence":4,"minecraft:ink_sac":172,"minecraft:grass_block":2,"minecraft:lily_of_the_valley":6,"alexsmobs:animal_dictionary":4,"minecraft:barrel":3,"minecraft:mossy_cobblestone":10,"minecraft:iron_hoe":13,"twilightforest:canopy_planks":8,"minecraft:diamond":8,"minecraft:spruce_boat":5,"iceandfire:lectern":1,"iceandfire:dragonbone_sword_fire":1,"iceandfire:dread_stone_bricks_mossy":2,"minecraft:blue_ice":2,"minecraft:crossbow":1,"minecraft:bone_meal":43,"minecraft:golden_apple":5,"minecraft:emerald":3,"minecraft:bread":31,"alexsmobs:maggot":6,"minecraft:oak_sapling":34,"minecraft:netherrack":2,"twilightforest:torchberries":3,"minecraft:crimson_roots":2,"minecraft:oak_leaves":183,"iceandfire:raw_silver":24,"minecraft:diamond_pickaxe":4,"minecraft:coarse_dirt":26,"minecraft:crafting_table":15,"minecraft:allium":1,"minecraft:azure_bluet":1,"minecraft:chicken":33,"minecraft:ladder":6,"iceandfire:fire_lily":2,"minecraft:brown_mushroom":50,"minecraft:packed_ice":3,"minecraft:wooden_pickaxe":9,"minecraft:stone_brick_wall":2,"minecraft:cooked_rabbit":2,"gravestone:obituary":1,"alexsmobs:froststalker_horn":1,"minecraft:chain":2,"minecraft:shield":5,"minecraft:cornflower":1,"minecraft:red_bed":12,"minecraft:iron_axe":8,"minecraft:wooden_sword":1,"minecraft:white_carpet":9,"minecraft:iron_shovel":9,"minecraft:blue_orchid":23,"minecraft:glass_pane":28,"minecraft:cracked_stone_bricks":22,"iceandfire:graveyard_soil":12,"iceandfire:bestiary":4,"minecraft:cartography_table":1,"minecraft:beef":1,"iceandfire:dread_shard":96,"minecraft:oak_boat":9,"minecraft:iron_nugget":1,"minecraft:poppy":3,"minecraft:sugar_cane":438,"minecraft:chest":23,"minecraft:birch_sapling":14,"minecraft:egg":106,"minecraft:raw_iron":27,"minecraft:sandstone":1,"iceandfire:dragonbone":38,"minecraft:stone":1,"iceandfire:troll_tusk":4,"minecraft:oak_door":2,"iceandfire:chared_grass":9,"minecraft:fire_charge":1,"iceandfire:armor_copper_metal_boots":1,"minecraft:carrot":1168,"minecraft:redstone":14,"minecraft:dark_oak_planks":3,"iceandfire:dragon_skull_ice":4,"minecraft:tnt":2,"iceandfire:silver_ingot":20,"minecraft:arrow":26,"minecraft:stone_shovel":18,"minecraft:cooked_cod":19,"minecraft:beetroot_seeds":348,"minecraft:golden_hoe":4,"minecraft:pumpkin_pie":30,"minecraft:peony":18,"minecraft:shears":2,"iceandfire:chared_dirt":70,"minecraft:hay_block":1,"minecraft:saddle":5,"minecraft:gold_ingot":12,"minecraft:mutton":22,"minecraft:white_wool":14,"minecraft:skeleton_skull":2,"minecraft:bone_block":4,"minecraft:oxeye_daisy":1,"iceandfire:silver_axe":3,"minecraft:stripped_oak_log":3,"minecraft:purple_dye":1,"minecraft:golden_carrot":22,"minecraft:glow_ink_sac":29,"minecraft:salmon":57,"minecraft:leather":4,"minecraft:music_disc_stal":1,"minecraft:red_mushroom":23,"minecraft:birch_planks":100,"minecraft:filled_map":5,"alexsmobs:cachalot_whale_tooth":32,"minecraft:oak_log":106,"minecraft:lily_pad":74,"iceandfire:ectoplasm":15,"iceandfire:dread_stone_bricks_cracked":4,"minecraft:cobblestone_wall":42,"minecraft:gunpowder":8,"minecraft:cobblestone_stairs":4,"minecraft:wooden_hoe":1,"minecraft:blue_bed":1,"minecraft:paper":14,"twilightforest:twilight_oak_planks":4,"minecraft:cooked_mutton":10,"minecraft:red_carpet":3,"minecraft:stone_bricks":56,"minecraft:kelp":52,"iceandfire:armor_silver_metal_helmet":4,"minecraft:rabbit_hide":7,"minecraft:iron_ingot":25,"minecraft:oak_fence_gate":19,"minecraft:stone_pickaxe":14,"minecraft:cooked_chicken":5,"minecraft:cobweb":2,"minecraft:glass_bottle":6,"minecraft:iron_sword":18,"minecraft:soul_sand":1,"minecraft:book":9,"minecraft:oak_slab":27,"minecraft:sweet_berries":5,"minecraft:birch_boat":4,"minecraft:pumpkin":87,"minecraft:chiseled_stone_bricks":2,"minecraft:stone_brick_slab":3,"iceandfire:dragonbone_sword":10,"iceandfire:ash":10,"minecraft:spyglass":2,"minecraft:gravel":489,"minecraft:birch_stairs":14,"minecraft:amethyst_shard":104,"minecraft:blast_furnace":3,"minecraft:white_bed":6,"minecraft:spruce_log":28,"minecraft:mossy_stone_brick_slab":6,"minecraft:spruce_door":1,"minecraft:spider_eye":9,"minecraft:leather_helmet":2,"alexsmobs:raw_catfish":3,"minecraft:pumpkin_seeds":5,"minecraft:slime_ball":16,"minecraft:stone_axe":2,"minecraft:iron_helmet":13,"minecraft:painting":9,"minecraft:baked_potato":237,"iceandfire:chared_gravel":51,"minecraft:coal":265,"minecraft:pink_dye":2},"minecraft:custom":{"minecraft:animals_bred":66,"minecraft:interact_with_crafting_table":124,"minecraft:open_barrel":8,"minecraft:bell_ring":60,"minecraft:leave_game":10,"minecraft:time_since_death":31962,"minecraft:sprint_one_cm":2915176,"minecraft:drop":1062,"minecraft:talked_to_villager":1,"minecraft:play_time":1675115,"minecraft:deaths":44,"minecraft:jump":15620,"minecraft:interact_with_brewingstand":2,"minecraft:walk_on_water_one_cm":446530,"minecraft:interact_with_furnace":255,"minecraft:sleep_in_bed":46,"minecraft:waystone_activated":1,"minecraft:damage_dealt":32121,"minecraft:player_kills":4,"minecraft:crouch_one_cm":25083,"minecraft:mob_kills":279,"minecraft:climb_one_cm":73341,"minecraft:walk_one_cm":5476808,"minecraft:raid_win":1,"minecraft:sneak_time":7163,"minecraft:walk_under_water_one_cm":402306,"minecraft:boat_one_cm":1530596,"minecraft:interact_with_blast_furnace":10,"minecraft:total_world_time":1675115,"minecraft:interact_with_stonecutter":2,"minecraft:interact_with_grindstone":1,"minecraft:time_since_rest":31993,"minecraft:damage_taken":21369,"minecraft:trigger_trapped_chest":5,"minecraft:swim_one_cm":409772,"minecraft:fly_one_cm":3521289,"minecraft:open_chest":965,"minecraft:fall_one_cm":323444},"minecraft:dropped":{"twilightforest:raw_ironwood":1,"minecraft:iron_sword":6,"minecraft:birch_planks":36,"minecraft:porkchop":14,"minecraft:oak_log":27,"minecraft:baked_potato":20,"minecraft:glass_bottle":1,"minecraft:diamond":5,"minecraft:cooked_porkchop":8,"iceandfire:ectoplasm":1,"minecraft:saddle":1,"minecraft:birch_slab":10,"iceandfire:graveyard_soil":2,"minecraft:dirt":181,"minecraft:cooked_cod":37,"iceandfire:armor_copper_metal_boots":1,"minecraft:gold_nugget":5,"gravestone:obituary":3,"minecraft:pumpkin_pie":18,"minecraft:bone_meal":4,"minecraft:sand":157,"iceandfire:fire_dragon_blood":1,"minecraft:iron_pickaxe":1,"iceandfire:armor_silver_metal_helmet":1,"minecraft:dark_oak_planks":1,"minecraft:birch_log":12,"minecraft:white_wool":1,"minecraft:birch_stairs":1,"minecraft:bone":2,"minecraft:gravel":3,"minecraft:stone_axe":1,"minecraft:sugar_cane":46,"minecraft:iron_nugget":2,"minecraft:cooked_chicken":8,"minecraft:wheat":3,"minecraft:birch_sapling":2,"minecraft:rotten_flesh":11,"minecraft:oak_planks":202,"alexsmobs:cachalot_whale_tooth":2,"minecraft:salmon":2,"minecraft:carrot":53,"iceandfire:armor_silver_metal_boots":2,"minecraft:beetroot_seeds":3,"iceandfire:bestiary":2,"minecraft:arrow":1,"minecraft:glass":3,"minecraft:written_book":3,"iceandfire:dragonbone_sword":7,"minecraft:water_bucket":5,"minecraft:iron_ingot":16,"minecraft:bread":3,"minecraft:oak_slab":11,"minecraft:wheat_seeds":40,"minecraft:tnt":2,"minecraft:lead":1,"minecraft:oak_fence":12,"minecraft:feather":4,"minecraft:cobblestone":5,"minecraft:coal":9,"minecraft:golden_apple":2,"minecraft:stick":6,"minecraft:ink_sac":9,"minecraft:wooden_axe":1,"minecraft:cooked_salmon":21,"waystones:return_scroll":7,"minecraft:iron_leggings":1,"minecraft:pumpkin":7,"minecraft:iron_axe":2,"minecraft:iron_shovel":1,"minecraft:paper":6,"minecraft:string":1,"minecraft:bucket":1,"iceandfire:dragonbone":11,"minecraft:coarse_dirt":1,"minecraft:stone_shovel":2,"minecraft:iron_hoe":1,"minecraft:glass_pane":28,"minecraft:filled_map":3,"minecraft:stone":2,"minecraft:spruce_boat":1,"minecraft:shield":1,"minecraft:peony":2,"minecraft:iron_chestplate":1,"iceandfire:silver_ingot":7,"minecraft:oak_sapling":2,"minecraft:oak_boat":3,"minecraft:birch_boat":2,"minecraft:stone_pickaxe":1,"minecraft:wooden_pickaxe":1,"minecraft:cooked_rabbit":3},"minecraft:killed_by":{"twilightforest:skeleton_druid":1,"minecraft:creeper":2,"minecraft:drowned":1,"alexsmobs:cachalot_whale":3,"minecraft:zombie":2,"iceandfire:fire_dragon":2,"minecraft:player":13,"minecraft:enderman":2,"iceandfire:hydra":1,"minecraft:skeleton":5,"iceandfire:ghost":4},"minecraft:crafted":{"minecraft:oak_planks":100,"minecraft:cobblestone_slab":36,"minecraft:birch_boat":1,"minecraft:cooked_chicken":34,"minecraft:mossy_stone_brick_slab":6,"minecraft:stone":5,"minecraft:cooked_mutton":29,"minecraft:glass":17,"minecraft:stone_brick_slab":6,"minecraft:mossy_cobblestone_slab":24,"minecraft:chest":13,"minecraft:birch_door":3,"alexsmobs:cooked_catfish":3,"minecraft:stone_bricks":4,"minecraft:cooked_rabbit":2,"minecraft:golden_sword":1,"minecraft:golden_axe":1,"minecraft:oak_slab":96,"minecraft:wooden_shovel":9,"minecraft:cooked_porkchop":88,"minecraft:crafting_table":2,"minecraft:spruce_planks":20,"minecraft:wooden_pickaxe":2,"minecraft:baked_potato":483,"minecraft:mossy_cobblestone":3,"minecraft:birch_planks":100,"minecraft:pumpkin_seeds":28,"minecraft:shield":2,"minecraft:stick":112,"minecraft:iron_ingot":49,"minecraft:iron_pickaxe":2,"minecraft:stone_sword":1,"minecraft:gold_ingot":11,"minecraft:birch_stairs":4,"minecraft:beetroot_soup":1,"minecraft:shears":1,"minecraft:stone_shovel":1,"minecraft:stone_brick_wall":6,"minecraft:mossy_stone_bricks":1,"minecraft:furnace":1,"minecraft:bone_meal":63,"minecraft:iron_axe":1,"minecraft:stone_pickaxe":5,"minecraft:cobblestone_wall":132,"iceandfire:armor_silver_metal_boots":1,"minecraft:cooked_beef":24,"minecraft:sugar":41,"minecraft:cooked_cod":18,"iceandfire:silver_ingot":8,"minecraft:dried_kelp":1,"twilightforest:oak_banister":72,"minecraft:iron_sword":8,"alexsmobs:cooked_moose_ribs":2,"minecraft:cooked_salmon":21,"minecraft:bucket":3,"minecraft:bread":99,"iceandfire:armor_silver_metal_helmet":1,"minecraft:wooden_axe":3,"minecraft:iron_shovel":3,"minecraft:pumpkin_pie":41,"minecraft:torch":32,"iceandfire:silver_hoe":2},"minecraft:used":{"minecraft:peony":13,"minecraft:beetroot":7,"minecraft:iron_shovel":930,"minecraft:chest":48,"minecraft:iron_sword":536,"minecraft:mossy_stone_brick_slab":9,"minecraft:iron_chestplate":1,"minecraft:mutton":2,"minecraft:carrot":416,"minecraft:snowball":4,"minecraft:spruce_boat":1,"iceandfire:dread_torch":9,"minecraft:lantern":3,"minecraft:birch_sapling":10,"minecraft:blue_orchid":10,"iceandfire:ghost_chest":1,"minecraft:mossy_cobblestone_slab":46,"minecraft:stone_brick_stairs":4,"minecraft:stone_bricks":46,"minecraft:golden_sword":32,"minecraft:written_book":5,"minecraft:oak_sapling":16,"minecraft:furnace":3,"minecraft:beetroot_seeds":339,"minecraft:egg":9,"minecraft:potato":319,"twilightforest:oak_banister":70,"minecraft:mossy_stone_bricks":20,"minecraft:stone_pickaxe":254,"minecraft:oak_planks":4,"minecraft:lily_pad":8,"minecraft:wooden_pickaxe":42,"minecraft:mossy_stone_brick_stairs":26,"minecraft:composter":1,"minecraft:sugar_cane":7,"minecraft:blue_bed":1,"minecraft:oak_leaves":119,"minecraft:golden_hoe":35,"minecraft:sand":47,"minecraft:stone_brick_wall":8,"iceandfire:silver_axe":11,"minecraft:shears":198,"minecraft:pumpkin_seeds":26,"iceandfire:dragonbone_sword":315,"minecraft:melon_slice":7,"minecraft:string":1,"minecraft:bread":11,"minecraft:gravel":34,"alexsmobs:cooked_moose_ribs":2,"minecraft:wooden_sword":63,"minecraft:cooked_rabbit":1,"minecraft:chain":3,"minecraft:oak_boat":1,"iceandfire:fire_lily":1,"minecraft:coarse_dirt":15,"minecraft:bone_meal":106,"minecraft:rose_bush":1,"minecraft:stone_sword":109,"minecraft:stone_shovel":131,"minecraft:spruce_planks":2,"minecraft:cooked_salmon":8,"minecraft:wooden_shovel":249,"minecraft:cooked_chicken":6,"minecraft:torch":75,"minecraft:dirt":1837,"minecraft:spyglass":7,"minecraft:cobblestone_wall":96,"minecraft:golden_shovel":172,"minecraft:oak_fence_gate":4,"minecraft:birch_door":3,"minecraft:iron_hoe":77,"minecraft:wooden_axe":129,"minecraft:iron_axe":242,"minecraft:oak_stairs":2,"minecraft:goat_horn":16,"minecraft:cooked_beef":2,"minecraft:golden_axe":21,"alexsmobs:cooked_catfish":3,"minecraft:wheat_seeds":1095,"minecraft:cooked_mutton":9,"minecraft:water_bucket":26,"minecraft:rabbit":2,"minecraft:birch_planks":3,"minecraft:baked_potato":75,"minecraft:stonecutter":1,"minecraft:cobblestone_slab":20,"minecraft:cracked_stone_bricks":32,"iceandfire:chared_dirt":49,"minecraft:mossy_cobblestone":1,"minecraft:oak_slab":22,"minecraft:crafting_table":8,"minecraft:red_bed":7,"minecraft:white_bed":5,"minecraft:spruce_log":3,"minecraft:oak_log":1,"minecraft:wooden_hoe":59,"minecraft:diamond_pickaxe":1540,"minecraft:apple":1,"iceandfire:dragonbone_sword_fire":84,"minecraft:iron_pickaxe":206,"minecraft:suspicious_stew":1,"twilightforest:firefly_jar":1,"minecraft:stone_axe":19,"minecraft:chiseled_stone_bricks":2,"iceandfire:silver_hoe":97,"iceandfire:chared_gravel":9,"minecraft:cobblestone":226,"minecraft:porkchop":1,"minecraft:cooked_porkchop":37,"iceandfire:chared_grass":7,"minecraft:bucket":28,"minecraft:pumpkin_pie":15,"alexsmobs:animal_dictionary":1,"minecraft:stripped_oak_log":1,"minecraft:kelp":26,"minecraft:birch_stairs":5}},"DataVersion":3465}