{"stats":{"minecraft:custom":{"minecraft:animals_bred":44,"minecraft:interact_with_crafting_table":81,"minecraft:open_barrel":3,"minecraft:bell_ring":60,"minecraft:leave_game":5,"minecraft:time_since_death":1067,"minecraft:sprint_one_cm":1629550,"minecraft:drop":758,"minecraft:talked_to_villager":1,"minecraft:play_time":1057457,"minecraft:deaths":33,"minecraft:jump":9784,"minecraft:interact_with_brewingstand":1,"minecraft:walk_on_water_one_cm":275117,"minecraft:interact_with_furnace":215,"minecraft:sleep_in_bed":31,"minecraft:waystone_activated":1,"minecraft:damage_dealt":25203,"minecraft:player_kills":4,"minecraft:crouch_one_cm":19931,"minecraft:mob_kills":217,"minecraft:climb_one_cm":57214,"minecraft:walk_one_cm":3402440,"minecraft:raid_win":1,"minecraft:sneak_time":4854,"minecraft:walk_under_water_one_cm":258378,"minecraft:boat_one_cm":685270,"minecraft:interact_with_blast_furnace":5,"minecraft:total_world_time":1057457,"minecraft:interact_with_grindstone":1,"minecraft:time_since_rest":1119,"minecraft:damage_taken":13675,"minecraft:trigger_trapped_chest":3,"minecraft:swim_one_cm":371296,"minecraft:fly_one_cm":838965,"minecraft:open_chest":541,"minecraft:fall_one_cm":225187},"minecraft:crafted":{"minecraft:oak_planks":20,"minecraft:birch_boat":1,"minecraft:cooked_chicken":34,"minecraft:cooked_mutton":29,"minecraft:glass":17,"minecraft:chest":12,"minecraft:birch_door":3,"minecraft:cooked_rabbit":2,"minecraft:golden_sword":1,"minecraft:golden_axe":1,"minecraft:wooden_shovel":9,"minecraft:cooked_porkchop":65,"minecraft:crafting_table":1,"minecraft:spruce_planks":20,"minecraft:wooden_pickaxe":2,"minecraft:baked_potato":417,"minecraft:pumpkin_seeds":28,"minecraft:birch_planks":52,"minecraft:stick":56,"minecraft:iron_ingot":49,"minecraft:iron_pickaxe":2,"minecraft:stone_sword":1,"minecraft:beetroot_soup":1,"minecraft:furnace":1,"minecraft:bone_meal":63,"minecraft:stone_pickaxe":5,"iceandfire:armor_silver_metal_boots":1,"minecraft:cooked_beef":8,"minecraft:sugar":41,"minecraft:cooked_cod":18,"iceandfire:silver_ingot":8,"minecraft:dried_kelp":1,"minecraft:iron_sword":7,"minecraft:cooked_salmon":21,"minecraft:bread":88,"iceandfire:armor_silver_metal_helmet":1,"minecraft:wooden_axe":1,"minecraft:pumpkin_pie":38,"minecraft:torch":32,"iceandfire:silver_hoe":2},"minecraft:mined":{"minecraft:dark_oak_planks":1,"minecraft:spruce_planks":6,"minecraft:farmland":4,"minecraft:white_bed":7,"iceandfire:graveyard_soil":11,"minecraft:grass_block":280,"minecraft:soul_soil":4,"minecraft:iron_ore":25,"minecraft:pumpkin":31,"iceandfire:gold_pile":13,"minecraft:dirt_path":3,"minecraft:blue_orchid":9,"minecraft:brown_mushroom":23,"minecraft:red_bed":5,"minecraft:kelp_plant":10,"minecraft:torch":3,"minecraft:blast_furnace":1,"minecraft:poppy":2,"minecraft:melon":5,"iceandfire:ghost_chest":2,"minecraft:chest":23,"iceandfire:fire_lily":2,"minecraft:cobblestone":4,"minecraft:sugar_cane":43,"minecraft:oak_planks":3,"minecraft:wall_torch":6,"minecraft:birch_log":25,"minecraft:wheat":313,"minecraft:pumpkin_stem":8,"minecraft:wither_rose":1,"minecraft:grass":49,"minecraft:oak_log":36,"minecraft:beetroots":41,"minecraft:sand":128,"minecraft:dirt":501,"minecraft:oak_leaves":21,"iceandfire:silver_ore":18,"minecraft:crimson_roots":2,"iceandfire:chared_dirt":71,"minecraft:spruce_leaves":11,"minecraft:kelp":3,"iceandfire:chared_grass":9,"minecraft:large_fern":1,"minecraft:furnace":2,"minecraft:carrots":242,"minecraft:snow":3,"minecraft:andesite":12,"iceandfire:chared_gravel":43,"minecraft:peony":10,"minecraft:potatoes":169,"minecraft:lantern":1,"minecraft:stripped_oak_log":3,"minecraft:packed_ice":8,"iceandfire:frost_lily":1,"minecraft:stone":1192,"minecraft:crafting_table":7,"minecraft:emerald_ore":1,"minecraft:blue_bed":1,"minecraft:birch_planks":1,"minecraft:coarse_dirt":2,"minecraft:ice":3,"minecraft:spruce_log":19,"minecraft:birch_leaves":35,"iceandfire:ash":7,"minecraft:yellow_bed":1,"minecraft:coal_ore":137,"minecraft:gravel":438,"minecraft:cracked_stone_bricks":1,"minecraft:stone_bricks":3,"minecraft:fern":3},"minecraft:killed_by":{"minecraft:creeper":2,"minecraft:drowned":1,"alexsmobs:cachalot_whale":2,"minecraft:zombie":1,"iceandfire:fire_dragon":2,"minecraft:player":11,"minecraft:enderman":2,"minecraft:skeleton":4,"iceandfire:ghost":3},"minecraft:broken":{"minecraft:wooden_shovel":3,"minecraft:golden_shovel":1,"minecraft:stone_pickaxe":1,"minecraft:golden_sword":1,"minecraft:wooden_sword":1,"minecraft:wooden_axe":1,"minecraft:golden_hoe":1,"minecraft:wooden_pickaxe":1,"minecraft:golden_axe":1,"minecraft:iron_axe":1,"minecraft:wooden_hoe":1},"minecraft:dropped":{"minecraft:iron_sword":3,"minecraft:porkchop":14,"minecraft:birch_planks":36,"minecraft:oak_log":27,"minecraft:baked_potato":12,"minecraft:diamond":4,"minecraft:cooked_porkchop":5,"iceandfire:ectoplasm":1,"minecraft:birch_slab":5,"iceandfire:graveyard_soil":2,"minecraft:dirt":95,"minecraft:cooked_cod":37,"minecraft:pumpkin_pie":6,"minecraft:bone_meal":4,"minecraft:sand":156,"minecraft:iron_pickaxe":1,"iceandfire:armor_silver_metal_helmet":1,"minecraft:birch_log":12,"minecraft:white_wool":1,"minecraft:stone_axe":1,"minecraft:sugar_cane":10,"minecraft:birch_sapling":2,"minecraft:wheat":1,"minecraft:rotten_flesh":1,"minecraft:oak_planks":202,"alexsmobs:cachalot_whale_tooth":2,"minecraft:salmon":1,"minecraft:carrot":15,"iceandfire:armor_silver_metal_boots":2,"minecraft:beetroot_seeds":3,"minecraft:glass":3,"iceandfire:dragonbone_sword":2,"minecraft:water_bucket":4,"minecraft:bread":3,"minecraft:iron_ingot":11,"minecraft:oak_slab":11,"minecraft:wheat_seeds":33,"minecraft:oak_fence":12,"minecraft:cobblestone":1,"minecraft:lead":1,"minecraft:coal":9,"minecraft:stick":6,"minecraft:ink_sac":9,"minecraft:wooden_axe":1,"minecraft:cooked_salmon":21,"waystones:return_scroll":1,"minecraft:iron_leggings":1,"minecraft:pumpkin":7,"minecraft:iron_axe":2,"minecraft:iron_shovel":1,"minecraft:paper":6,"minecraft:string":1,"minecraft:coarse_dirt":1,"minecraft:stone_shovel":2,"minecraft:iron_hoe":1,"minecraft:glass_pane":28,"minecraft:filled_map":3,"minecraft:peony":2,"minecraft:iron_chestplate":1,"minecraft:oak_boat":2,"minecraft:birch_boat":1,"minecraft:stone_pickaxe":1,"minecraft:wooden_pickaxe":1,"minecraft:cooked_rabbit":3},"minecraft:killed":{"minecraft:spider":2,"alexsmobs:shoebill":1,"minecraft:cod":26,"minecraft:skeleton":2,"minecraft:chicken":25,"minecraft:pig":32,"minecraft:salmon":47,"minecraft:sheep":15,"minecraft:trader_llama":2,"minecraft:pillager":1,"minecraft:zombie":13,"alexsmobs:fly":1,"minecraft:cow":1,"alexsmobs:raccoon":2,"iceandfire:dread_knight":14,"alexsmobs:blue_jay":1,"iceandfire:dread_thrall":14,"minecraft:rabbit":4,"iceandfire:ghost":10,"alexsmobs:crow":1,"minecraft:enderman":1},"minecraft:used":{"minecraft:beetroot":5,"minecraft:peony":13,"minecraft:iron_shovel":113,"minecraft:chest":47,"minecraft:iron_sword":497,"minecraft:iron_chestplate":1,"minecraft:mutton":2,"minecraft:carrot":354,"minecraft:snowball":4,"minecraft:spruce_boat":1,"minecraft:lantern":1,"minecraft:blue_orchid":9,"minecraft:birch_sapling":3,"iceandfire:ghost_chest":1,"minecraft:golden_sword":32,"minecraft:oak_sapling":5,"minecraft:furnace":3,"minecraft:beetroot_seeds":102,"minecraft:egg":9,"minecraft:potato":222,"minecraft:stone_pickaxe":254,"minecraft:oak_planks":1,"minecraft:lily_pad":8,"minecraft:wooden_pickaxe":42,"minecraft:composter":1,"minecraft:sugar_cane":5,"minecraft:blue_bed":1,"minecraft:golden_hoe":35,"minecraft:sand":4,"iceandfire:silver_axe":11,"minecraft:pumpkin_seeds":20,"iceandfire:dragonbone_sword":292,"minecraft:melon_slice":7,"minecraft:bread":11,"minecraft:string":1,"minecraft:gravel":16,"minecraft:wooden_sword":63,"minecraft:cooked_rabbit":1,"minecraft:oak_boat":1,"iceandfire:fire_lily":1,"minecraft:bone_meal":96,"minecraft:rose_bush":1,"minecraft:stone_sword":109,"minecraft:wooden_shovel":213,"minecraft:cooked_salmon":8,"minecraft:cooked_chicken":3,"minecraft:torch":54,"minecraft:dirt":617,"minecraft:spyglass":7,"minecraft:golden_shovel":172,"minecraft:birch_door":3,"minecraft:iron_hoe":77,"minecraft:wooden_axe":59,"minecraft:iron_axe":81,"minecraft:oak_stairs":2,"minecraft:goat_horn":16,"minecraft:golden_axe":21,"minecraft:wheat_seeds":884,"minecraft:cooked_mutton":9,"minecraft:water_bucket":9,"minecraft:rabbit":2,"minecraft:birch_planks":3,"minecraft:baked_potato":42,"iceandfire:chared_dirt":49,"minecraft:crafting_table":6,"minecraft:red_bed":6,"minecraft:white_bed":5,"minecraft:spruce_log":3,"minecraft:oak_log":1,"minecraft:wooden_hoe":59,"minecraft:diamond_pickaxe":1031,"minecraft:apple":1,"minecraft:iron_pickaxe":206,"minecraft:suspicious_stew":1,"iceandfire:silver_hoe":91,"iceandfire:chared_gravel":9,"minecraft:cobblestone":32,"minecraft:porkchop":1,"minecraft:cooked_porkchop":14,"iceandfire:chared_grass":7,"minecraft:bucket":8,"minecraft:pumpkin_pie":1,"alexsmobs:animal_dictionary":1,"minecraft:stripped_oak_log":1,"minecraft:kelp":26},"minecraft:picked_up":{"minecraft:wooden_axe":1,"minecraft:iron_chestplate":7,"minecraft:wheat":324,"minecraft:lead":9,"minecraft:oak_stairs":2,"minecraft:wither_rose":3,"minecraft:enchanted_book":3,"iceandfire:manuscript":20,"minecraft:string":13,"minecraft:soul_soil":4,"minecraft:raw_copper":35,"minecraft:cooked_salmon":31,"minecraft:iron_leggings":8,"minecraft:beetroot":34,"minecraft:gold_nugget":370,"minecraft:bucket":1,"iceandfire:frost_lily":2,"minecraft:spruce_planks":16,"minecraft:red_dye":1,"minecraft:rose_bush":1,"waystones:return_scroll":7,"minecraft:redstone_torch":1,"minecraft:wooden_shovel":12,"minecraft:iron_pickaxe":12,"minecraft:melon_slice":22,"minecraft:iron_boots":6,"minecraft:furnace":18,"minecraft:tipped_arrow":3,"minecraft:stick":7,"iceandfire:ghost_chest":3,"minecraft:composter":1,"minecraft:oak_fence":27,"minecraft:torch":42,"minecraft:snow_block":1,"minecraft:porkchop":72,"minecraft:dried_kelp":5,"minecraft:goat_horn":3,"minecraft:rabbit_foot":4,"iceandfire:armor_silver_metal_boots":5,"minecraft:stone_sword":2,"minecraft:rotten_flesh":53,"minecraft:obsidian":5,"minecraft:iron_bars":2,"minecraft:cod":25,"minecraft:snowball":40,"minecraft:cobblestone":1380,"minecraft:birch_log":25,"minecraft:feather":45,"minecraft:cooked_beef":5,"minecraft:water_bucket":8,"minecraft:andesite":10,"minecraft:potato":611,"minecraft:flint":41,"minecraft:lantern":4,"minecraft:dirt":950,"minecraft:bone":89,"minecraft:glass":293,"minecraft:bow":1,"minecraft:wheat_seeds":844,"minecraft:bell":1,"minecraft:rabbit":4,"minecraft:oak_planks":906,"minecraft:cooked_porkchop":15,"iceandfire:podium_spruce":1,"minecraft:poisonous_potato":9,"iceandfire:shiny_scales":1,"minecraft:sand":321,"minecraft:ink_sac":172,"minecraft:grass_block":1,"alexsmobs:animal_dictionary":4,"minecraft:barrel":2,"minecraft:iron_hoe":13,"minecraft:diamond":8,"minecraft:spruce_boat":3,"iceandfire:lectern":1,"minecraft:bone_meal":30,"minecraft:emerald":1,"minecraft:bread":10,"alexsmobs:maggot":4,"minecraft:oak_sapling":9,"minecraft:netherrack":2,"minecraft:crimson_roots":2,"iceandfire:raw_silver":24,"minecraft:diamond_pickaxe":1,"minecraft:coarse_dirt":4,"minecraft:crafting_table":15,"minecraft:chicken":27,"minecraft:ladder":6,"iceandfire:fire_lily":2,"minecraft:brown_mushroom":49,"minecraft:wooden_pickaxe":9,"minecraft:cooked_rabbit":2,"minecraft:chain":2,"minecraft:shield":1,"minecraft:red_bed":10,"minecraft:wooden_sword":1,"minecraft:iron_axe":4,"minecraft:white_carpet":9,"minecraft:iron_shovel":8,"minecraft:glass_pane":28,"minecraft:blue_orchid":18,"minecraft:cracked_stone_bricks":1,"iceandfire:graveyard_soil":12,"iceandfire:bestiary":1,"minecraft:cartography_table":1,"minecraft:beef":1,"iceandfire:dread_shard":18,"minecraft:oak_boat":6,"minecraft:poppy":2,"minecraft:sugar_cane":87,"minecraft:chest":23,"minecraft:birch_sapling":5,"minecraft:egg":80,"minecraft:raw_iron":25,"minecraft:oak_door":2,"iceandfire:chared_grass":9,"minecraft:fire_charge":1,"minecraft:carrot":1051,"minecraft:redstone":14,"minecraft:dark_oak_planks":2,"iceandfire:silver_ingot":1,"minecraft:arrow":17,"minecraft:beetroot_seeds":102,"minecraft:stone_shovel":18,"minecraft:cooked_cod":19,"minecraft:peony":18,"minecraft:pumpkin_pie":2,"minecraft:golden_hoe":4,"iceandfire:chared_dirt":70,"minecraft:gold_ingot":10,"minecraft:mutton":22,"minecraft:skeleton_skull":2,"minecraft:white_wool":14,"iceandfire:silver_axe":3,"minecraft:stripped_oak_log":3,"minecraft:purple_dye":1,"minecraft:glow_ink_sac":29,"minecraft:salmon":54,"minecraft:leather":4,"minecraft:music_disc_stal":1,"minecraft:filled_map":5,"minecraft:birch_planks":43,"alexsmobs:cachalot_whale_tooth":31,"minecraft:oak_log":52,"minecraft:lily_pad":7,"iceandfire:ectoplasm":14,"minecraft:gunpowder":8,"minecraft:wooden_hoe":1,"minecraft:blue_bed":1,"minecraft:paper":11,"minecraft:stone_bricks":15,"minecraft:kelp":52,"iceandfire:armor_silver_metal_helmet":4,"minecraft:rabbit_hide":5,"minecraft:iron_ingot":16,"minecraft:oak_fence_gate":6,"minecraft:stone_pickaxe":14,"minecraft:cooked_chicken":2,"minecraft:cobweb":2,"minecraft:glass_bottle":2,"minecraft:iron_sword":12,"minecraft:soul_sand":1,"minecraft:book":7,"minecraft:oak_slab":11,"minecraft:birch_boat":2,"minecraft:pumpkin":37,"iceandfire:dragonbone_sword":3,"iceandfire:ash":7,"minecraft:spyglass":2,"minecraft:gravel":430,"minecraft:amethyst_shard":104,"minecraft:blast_furnace":3,"minecraft:white_bed":6,"minecraft:spruce_log":20,"minecraft:spruce_door":1,"minecraft:spider_eye":5,"minecraft:leather_helmet":2,"minecraft:pumpkin_seeds":5,"minecraft:stone_axe":1,"minecraft:iron_helmet":6,"minecraft:baked_potato":140,"minecraft:pink_dye":2,"iceandfire:chared_gravel":51,"minecraft:coal":180}},"DataVersion":3465}