{"stats":{"minecraft:crafted":{"minecraft:cooked_rabbit":2},"minecraft:killed":{"minecraft:rabbit":4},"minecraft:custom":{"minecraft:time_since_rest":14823,"minecraft:interact_with_furnace":2,"minecraft:sprint_one_cm":137685,"minecraft:damage_taken":412,"minecraft:walk_one_cm":111716,"minecraft:mob_kills":5,"minecraft:drop":3,"minecraft:damage_dealt":248,"minecraft:fly_one_cm":15822,"minecraft:open_chest":3,"minecraft:crouch_one_cm":2381,"minecraft:play_time":29809,"minecraft:deaths":1,"minecraft:sneak_time":383,"minecraft:jump":218,"minecraft:interact_with_blast_furnace":1,"minecraft:time_since_death":14767,"minecraft:walk_on_water_one_cm":768,"minecraft:sleep_in_bed":3,"minecraft:total_world_time":29809,"minecraft:fall_one_cm":3497},"minecraft:mined":{"minecraft:dark_oak_planks":1,"minecraft:spruce_log":12,"minecraft:grass":3,"iceandfire:frost_lily":1,"minecraft:spruce_leaves":4,"minecraft:sugar_cane":4,"minecraft:wall_torch":1},"minecraft:killed_by":{"minecraft:player":1},"minecraft:picked_up":{"minecraft:tipped_arrow":1,"minecraft:torch":2,"minecraft:cooked_rabbit":2,"minecraft:filled_map":1,"minecraft:snow_block":1,"minecraft:spruce_log":11,"minecraft:rabbit_foot":2,"minecraft:goat_horn":1,"alexsmobs:animal_dictionary":1,"minecraft:red_bed":2,"minecraft:dark_oak_planks":2,"minecraft:arrow":2,"minecraft:bone":2,"iceandfire:frost_lily":1,"minecraft:iron_ingot":2,"minecraft:rabbit":4,"minecraft:sugar_cane":13},"minecraft:dropped":{"minecraft:cooked_rabbit":3},"minecraft:used":{"minecraft:rabbit":2,"minecraft:goat_horn":2,"minecraft:cooked_rabbit":1,"alexsmobs:animal_dictionary":1}},"DataVersion":3465}