{"stats":{"minecraft:picked_up":{"minecraft:wooden_axe":1,"iceandfire:dread_stone_bricks":1,"minecraft:iron_chestplate":10,"minecraft:wheat":330,"minecraft:lead":9,"iceandfire:armor_copper_metal_chestplate":1,"minecraft:oak_stairs":2,"minecraft:wither_rose":3,"minecraft:enchanted_book":3,"iceandfire:manuscript":20,"minecraft:string":13,"minecraft:soul_soil":4,"minecraft:raw_copper":35,"minecraft:cooked_salmon":31,"minecraft:iron_leggings":8,"minecraft:beetroot":65,"minecraft:gold_nugget":370,"minecraft:bucket":1,"iceandfire:frost_lily":6,"minecraft:spruce_planks":16,"minecraft:red_dye":1,"waystones:return_scroll":8,"minecraft:rose_bush":1,"minecraft:redstone_torch":1,"minecraft:wooden_shovel":12,"minecraft:iron_pickaxe":12,"minecraft:melon_slice":22,"minecraft:iron_boots":9,"minecraft:furnace":18,"minecraft:tipped_arrow":5,"minecraft:stick":32,"iceandfire:ghost_chest":3,"minecraft:composter":1,"minecraft:oak_fence":27,"minecraft:torch":85,"minecraft:snow_block":1,"minecraft:porkchop":72,"minecraft:dried_kelp":5,"minecraft:rabbit_foot":4,"minecraft:goat_horn":3,"iceandfire:armor_silver_metal_boots":5,"minecraft:stone_sword":2,"minecraft:rotten_flesh":74,"minecraft:carved_pumpkin":5,"minecraft:obsidian":5,"minecraft:iron_bars":3,"minecraft:cod":25,"minecraft:snowball":40,"minecraft:cobblestone":1588,"minecraft:birch_log":48,"iceandfire:sapphire_gem":9,"minecraft:feather":53,"minecraft:cooked_beef":5,"minecraft:water_bucket":8,"minecraft:andesite":10,"minecraft:potato":751,"minecraft:flint":42,"minecraft:lantern":4,"minecraft:dirt":1854,"minecraft:glass":293,"minecraft:bone":129,"minecraft:bow":1,"minecraft:wheat_seeds":860,"minecraft:bell":1,"minecraft:rabbit":4,"minecraft:oak_planks":906,"minecraft:cooked_porkchop":15,"iceandfire:podium_spruce":1,"minecraft:poisonous_potato":9,"iceandfire:shiny_scales":1,"minecraft:sand":321,"minecraft:ink_sac":172,"minecraft:grass_block":2,"alexsmobs:animal_dictionary":4,"minecraft:barrel":2,"minecraft:iron_hoe":13,"minecraft:diamond":8,"minecraft:spruce_boat":5,"iceandfire:lectern":1,"iceandfire:dread_stone_bricks_mossy":2,"minecraft:blue_ice":2,"minecraft:crossbow":1,"minecraft:bone_meal":34,"minecraft:golden_apple":4,"minecraft:emerald":1,"minecraft:bread":21,"alexsmobs:maggot":6,"minecraft:oak_sapling":22,"minecraft:netherrack":2,"minecraft:crimson_roots":2,"iceandfire:raw_silver":24,"minecraft:diamond_pickaxe":1,"minecraft:crafting_table":15,"minecraft:coarse_dirt":18,"minecraft:chicken":29,"minecraft:ladder":6,"iceandfire:fire_lily":2,"minecraft:brown_mushroom":49,"minecraft:packed_ice":3,"minecraft:wooden_pickaxe":9,"minecraft:cooked_rabbit":2,"alexsmobs:froststalker_horn":1,"minecraft:chain":2,"minecraft:shield":2,"minecraft:red_bed":10,"minecraft:iron_axe":4,"minecraft:wooden_sword":1,"minecraft:white_carpet":9,"minecraft:iron_shovel":9,"minecraft:blue_orchid":18,"minecraft:glass_pane":28,"minecraft:cracked_stone_bricks":2,"iceandfire:graveyard_soil":12,"iceandfire:bestiary":2,"minecraft:cartography_table":1,"minecraft:beef":1,"iceandfire:dread_shard":96,"minecraft:oak_boat":9,"minecraft:poppy":3,"minecraft:sugar_cane":150,"minecraft:chest":23,"minecraft:birch_sapling":14,"minecraft:egg":93,"minecraft:raw_iron":27,"iceandfire:dragonbone":27,"iceandfire:troll_tusk":4,"minecraft:oak_door":2,"iceandfire:chared_grass":9,"minecraft:fire_charge":1,"minecraft:carrot":1084,"minecraft:redstone":14,"minecraft:dark_oak_planks":3,"iceandfire:dragon_skull_ice":4,"iceandfire:silver_ingot":13,"minecraft:arrow":20,"minecraft:stone_shovel":18,"minecraft:peony":18,"minecraft:cooked_cod":19,"minecraft:golden_hoe":4,"minecraft:beetroot_seeds":193,"minecraft:pumpkin_pie":16,"iceandfire:chared_dirt":70,"minecraft:hay_block":1,"minecraft:saddle":4,"minecraft:gold_ingot":10,"minecraft:mutton":22,"minecraft:white_wool":14,"minecraft:skeleton_skull":2,"minecraft:bone_block":2,"iceandfire:silver_axe":3,"minecraft:stripped_oak_log":3,"minecraft:purple_dye":1,"minecraft:glow_ink_sac":29,"minecraft:salmon":57,"minecraft:leather":4,"minecraft:music_disc_stal":1,"minecraft:filled_map":5,"minecraft:birch_planks":47,"alexsmobs:cachalot_whale_tooth":31,"minecraft:oak_log":98,"minecraft:lily_pad":7,"iceandfire:ectoplasm":14,"iceandfire:dread_stone_bricks_cracked":4,"minecraft:gunpowder":8,"minecraft:wooden_hoe":1,"minecraft:blue_bed":1,"minecraft:paper":14,"minecraft:cooked_mutton":10,"minecraft:stone_bricks":17,"minecraft:kelp":52,"iceandfire:armor_silver_metal_helmet":4,"minecraft:rabbit_hide":7,"minecraft:iron_ingot":20,"minecraft:oak_fence_gate":6,"minecraft:stone_pickaxe":14,"minecraft:cooked_chicken":4,"minecraft:cobweb":2,"minecraft:glass_bottle":4,"minecraft:iron_sword":12,"minecraft:soul_sand":1,"minecraft:book":9,"minecraft:oak_slab":11,"minecraft:birch_boat":4,"minecraft:pumpkin":58,"iceandfire:dragonbone_sword":7,"iceandfire:ash":9,"minecraft:spyglass":2,"minecraft:gravel":475,"minecraft:amethyst_shard":104,"minecraft:blast_furnace":3,"minecraft:white_bed":6,"minecraft:spruce_log":28,"minecraft:spruce_door":1,"minecraft:spider_eye":7,"minecraft:leather_helmet":2,"minecraft:pumpkin_seeds":5,"minecraft:stone_axe":1,"minecraft:iron_helmet":9,"minecraft:baked_potato":195,"minecraft:pink_dye":2,"iceandfire:chared_gravel":51,"minecraft:coal":225},"minecraft:crafted":{"minecraft:oak_planks":36,"minecraft:birch_boat":1,"minecraft:cooked_chicken":34,"minecraft:cooked_mutton":29,"minecraft:glass":17,"minecraft:chest":12,"minecraft:birch_door":3,"minecraft:cooked_rabbit":2,"minecraft:golden_sword":1,"minecraft:golden_axe":1,"minecraft:wooden_shovel":9,"minecraft:cooked_porkchop":65,"minecraft:crafting_table":1,"minecraft:spruce_planks":20,"minecraft:wooden_pickaxe":2,"minecraft:baked_potato":417,"minecraft:birch_planks":52,"minecraft:pumpkin_seeds":28,"minecraft:stick":60,"minecraft:iron_ingot":49,"minecraft:iron_pickaxe":2,"minecraft:stone_sword":1,"minecraft:beetroot_soup":1,"minecraft:furnace":1,"minecraft:bone_meal":63,"minecraft:iron_axe":1,"minecraft:stone_pickaxe":5,"iceandfire:armor_silver_metal_boots":1,"minecraft:cooked_beef":8,"minecraft:sugar":41,"minecraft:cooked_cod":18,"iceandfire:silver_ingot":8,"minecraft:dried_kelp":1,"minecraft:iron_sword":8,"alexsmobs:cooked_moose_ribs":2,"minecraft:cooked_salmon":21,"minecraft:bread":88,"iceandfire:armor_silver_metal_helmet":1,"minecraft:wooden_axe":3,"minecraft:iron_shovel":2,"minecraft:pumpkin_pie":38,"minecraft:torch":32,"iceandfire:silver_hoe":2},"minecraft:killed":{"minecraft:spider":3,"alexsmobs:shoebill":1,"minecraft:cod":26,"minecraft:skeleton":2,"minecraft:chicken":27,"minecraft:pig":32,"minecraft:salmon":47,"minecraft:sheep":15,"minecraft:trader_llama":2,"minecraft:pillager":1,"minecraft:zombie":13,"alexsmobs:fly":1,"minecraft:cow":1,"alexsmobs:raccoon":2,"iceandfire:dread_knight":14,"iceandfire:dread_thrall":14,"alexsmobs:blue_jay":1,"minecraft:rabbit":4,"iceandfire:ghost":10,"alexsmobs:crow":1,"minecraft:enderman":1},"minecraft:used":{"minecraft:peony":13,"minecraft:beetroot":5,"minecraft:iron_shovel":745,"minecraft:chest":47,"minecraft:iron_sword":497,"minecraft:iron_chestplate":1,"minecraft:mutton":2,"minecraft:carrot":375,"minecraft:snowball":4,"minecraft:spruce_boat":1,"minecraft:lantern":1,"minecraft:blue_orchid":9,"minecraft:birch_sapling":10,"iceandfire:ghost_chest":1,"minecraft:golden_sword":32,"minecraft:oak_sapling":11,"minecraft:furnace":3,"minecraft:beetroot_seeds":191,"minecraft:egg":9,"minecraft:potato":257,"minecraft:stone_pickaxe":254,"minecraft:oak_planks":1,"minecraft:lily_pad":8,"minecraft:wooden_pickaxe":42,"minecraft:composter":1,"minecraft:sugar_cane":5,"minecraft:blue_bed":1,"minecraft:golden_hoe":35,"minecraft:sand":4,"iceandfire:silver_axe":11,"minecraft:pumpkin_seeds":21,"iceandfire:dragonbone_sword":306,"minecraft:melon_slice":7,"minecraft:bread":11,"minecraft:string":1,"minecraft:gravel":31,"alexsmobs:cooked_moose_ribs":2,"minecraft:wooden_sword":63,"minecraft:cooked_rabbit":1,"minecraft:oak_boat":1,"iceandfire:fire_lily":1,"minecraft:coarse_dirt":14,"minecraft:bone_meal":96,"minecraft:rose_bush":1,"minecraft:stone_sword":109,"minecraft:cooked_salmon":8,"minecraft:wooden_shovel":249,"minecraft:cooked_chicken":5,"minecraft:torch":64,"minecraft:dirt":1372,"minecraft:spyglass":7,"minecraft:golden_shovel":172,"minecraft:birch_door":3,"minecraft:iron_hoe":77,"minecraft:wooden_axe":100,"minecraft:iron_axe":120,"minecraft:oak_stairs":2,"minecraft:goat_horn":16,"minecraft:golden_axe":21,"minecraft:wheat_seeds":890,"minecraft:cooked_mutton":9,"minecraft:water_bucket":9,"minecraft:rabbit":2,"minecraft:birch_planks":3,"minecraft:baked_potato":52,"iceandfire:chared_dirt":49,"minecraft:crafting_table":6,"minecraft:red_bed":6,"minecraft:white_bed":5,"minecraft:spruce_log":3,"minecraft:oak_log":1,"minecraft:diamond_pickaxe":1263,"minecraft:wooden_hoe":59,"minecraft:apple":1,"minecraft:iron_pickaxe":206,"minecraft:suspicious_stew":1,"iceandfire:chared_gravel":9,"iceandfire:silver_hoe":91,"minecraft:cobblestone":49,"minecraft:porkchop":1,"minecraft:cooked_porkchop":14,"iceandfire:chared_grass":7,"minecraft:bucket":8,"minecraft:pumpkin_pie":1,"alexsmobs:animal_dictionary":1,"minecraft:stripped_oak_log":1,"minecraft:kelp":26},"minecraft:killed_by":{"minecraft:creeper":2,"minecraft:drowned":1,"alexsmobs:cachalot_whale":3,"minecraft:zombie":1,"iceandfire:fire_dragon":2,"minecraft:player":11,"minecraft:enderman":2,"minecraft:skeleton":4,"iceandfire:ghost":3},"minecraft:broken":{"minecraft:iron_shovel":3,"minecraft:wooden_shovel":4,"minecraft:golden_shovel":1,"minecraft:stone_pickaxe":1,"minecraft:golden_sword":1,"minecraft:wooden_sword":1,"minecraft:wooden_axe":1,"minecraft:golden_hoe":1,"minecraft:wooden_pickaxe":1,"minecraft:golden_axe":1,"minecraft:iron_axe":1,"minecraft:wooden_hoe":1},"minecraft:dropped":{"minecraft:iron_sword":3,"minecraft:birch_planks":36,"minecraft:porkchop":14,"minecraft:oak_log":27,"minecraft:baked_potato":18,"minecraft:diamond":4,"minecraft:cooked_porkchop":5,"iceandfire:ectoplasm":1,"minecraft:saddle":1,"minecraft:birch_slab":5,"iceandfire:graveyard_soil":2,"minecraft:dirt":95,"minecraft:cooked_cod":37,"minecraft:pumpkin_pie":6,"minecraft:bone_meal":4,"minecraft:sand":156,"minecraft:iron_pickaxe":1,"iceandfire:armor_silver_metal_helmet":1,"minecraft:dark_oak_planks":1,"minecraft:birch_log":12,"minecraft:white_wool":1,"minecraft:stone_axe":1,"minecraft:sugar_cane":14,"minecraft:birch_sapling":2,"minecraft:wheat":1,"minecraft:rotten_flesh":1,"minecraft:oak_planks":202,"alexsmobs:cachalot_whale_tooth":2,"minecraft:salmon":2,"minecraft:carrot":18,"iceandfire:armor_silver_metal_boots":2,"minecraft:beetroot_seeds":3,"minecraft:glass":3,"iceandfire:dragonbone_sword":4,"minecraft:water_bucket":4,"minecraft:iron_ingot":11,"minecraft:bread":3,"minecraft:oak_slab":11,"minecraft:wheat_seeds":34,"minecraft:lead":1,"minecraft:oak_fence":12,"minecraft:feather":4,"minecraft:cobblestone":1,"minecraft:coal":9,"minecraft:golden_apple":2,"minecraft:stick":6,"minecraft:ink_sac":9,"minecraft:wooden_axe":1,"minecraft:cooked_salmon":21,"waystones:return_scroll":2,"minecraft:iron_leggings":1,"minecraft:pumpkin":7,"minecraft:iron_axe":2,"minecraft:iron_shovel":1,"minecraft:paper":6,"minecraft:string":1,"minecraft:coarse_dirt":1,"minecraft:stone_shovel":2,"minecraft:iron_hoe":1,"minecraft:glass_pane":28,"minecraft:filled_map":3,"minecraft:spruce_boat":1,"minecraft:peony":2,"minecraft:iron_chestplate":1,"minecraft:oak_boat":3,"minecraft:birch_boat":2,"minecraft:stone_pickaxe":1,"minecraft:wooden_pickaxe":1,"minecraft:cooked_rabbit":3},"minecraft:mined":{"minecraft:dark_oak_planks":1,"minecraft:spruce_planks":6,"minecraft:white_bed":7,"minecraft:farmland":4,"iceandfire:graveyard_soil":11,"minecraft:grass_block":951,"minecraft:soul_soil":4,"minecraft:iron_ore":27,"minecraft:pumpkin":52,"iceandfire:gold_pile":13,"minecraft:dirt_path":5,"minecraft:blue_orchid":9,"minecraft:brown_mushroom":23,"minecraft:red_bed":5,"minecraft:kelp_plant":10,"minecraft:torch":8,"minecraft:blast_furnace":1,"minecraft:poppy":2,"minecraft:melon":5,"iceandfire:ghost_chest":2,"minecraft:chest":23,"iceandfire:fire_lily":2,"minecraft:cobblestone":7,"minecraft:oak_planks":3,"minecraft:sugar_cane":66,"minecraft:wall_torch":9,"minecraft:birch_log":48,"minecraft:wheat":319,"minecraft:pumpkin_stem":8,"minecraft:wither_rose":1,"minecraft:grass":61,"minecraft:oak_log":82,"minecraft:beetroots":73,"minecraft:sand":128,"minecraft:dirt":705,"minecraft:oak_leaves":39,"iceandfire:silver_ore":18,"minecraft:crimson_roots":2,"iceandfire:chared_dirt":71,"minecraft:spruce_leaves":11,"minecraft:kelp":3,"iceandfire:chared_grass":9,"minecraft:large_fern":1,"minecraft:furnace":2,"minecraft:carrots":242,"minecraft:snow":3,"minecraft:andesite":12,"iceandfire:chared_gravel":43,"minecraft:peony":10,"minecraft:potatoes":204,"minecraft:lantern":1,"minecraft:stripped_oak_log":3,"minecraft:packed_ice":8,"iceandfire:frost_lily":3,"minecraft:stone":1419,"minecraft:crafting_table":7,"minecraft:emerald_ore":1,"minecraft:tall_grass":3,"minecraft:blue_bed":1,"minecraft:birch_planks":1,"minecraft:coarse_dirt":16,"minecraft:ice":27,"minecraft:spruce_log":19,"minecraft:birch_leaves":37,"iceandfire:ash":7,"minecraft:yellow_bed":1,"minecraft:coal_ore":137,"minecraft:gravel":482,"minecraft:cracked_stone_bricks":1,"minecraft:stone_bricks":3,"minecraft:fern":3},"minecraft:custom":{"minecraft:animals_bred":60,"minecraft:interact_with_crafting_table":84,"minecraft:open_barrel":3,"minecraft:bell_ring":60,"minecraft:leave_game":9,"minecraft:time_since_death":129327,"minecraft:sprint_one_cm":1918612,"minecraft:drop":787,"minecraft:talked_to_villager":1,"minecraft:play_time":1220459,"minecraft:deaths":36,"minecraft:jump":11688,"minecraft:interact_with_brewingstand":2,"minecraft:walk_on_water_one_cm":289131,"minecraft:interact_with_furnace":223,"minecraft:sleep_in_bed":37,"minecraft:waystone_activated":1,"minecraft:damage_dealt":25708,"minecraft:player_kills":4,"minecraft:crouch_one_cm":21052,"minecraft:mob_kills":220,"minecraft:climb_one_cm":57379,"minecraft:walk_one_cm":4021848,"minecraft:raid_win":1,"minecraft:sneak_time":5221,"minecraft:walk_under_water_one_cm":293050,"minecraft:boat_one_cm":1026942,"minecraft:interact_with_blast_furnace":5,"minecraft:total_world_time":1220459,"minecraft:interact_with_grindstone":1,"minecraft:time_since_rest":13570,"minecraft:damage_taken":15346,"minecraft:trigger_trapped_chest":3,"minecraft:swim_one_cm":380106,"minecraft:fly_one_cm":1298462,"minecraft:open_chest":608,"minecraft:fall_one_cm":253922}},"DataVersion":3465}