{"stats":{"minecraft:broken":{"minecraft:iron_shovel":4,"minecraft:wooden_shovel":4,"minecraft:golden_shovel":1,"minecraft:stone_pickaxe":1,"minecraft:golden_sword":1,"minecraft:wooden_sword":1,"minecraft:wooden_axe":1,"minecraft:stone_shovel":1,"minecraft:golden_hoe":1,"minecraft:wooden_pickaxe":1,"minecraft:golden_axe":1,"minecraft:iron_axe":1,"minecraft:iron_helmet":1,"minecraft:wooden_hoe":1},"minecraft:killed":{"minecraft:spider":3,"alexsmobs:shoebill":1,"minecraft:cod":26,"minecraft:skeleton":3,"minecraft:chicken":31,"minecraft:pig":43,"minecraft:salmon":47,"minecraft:sheep":15,"minecraft:trader_llama":2,"minecraft:pillager":1,"minecraft:zombie":17,"alexsmobs:fly":1,"minecraft:cow":1,"alexsmobs:raccoon":2,"minecraft:phantom":1,"iceandfire:dread_knight":14,"iceandfire:dread_thrall":14,"alexsmobs:blue_jay":1,"alexsmobs:bison":1,"minecraft:rabbit":4,"iceandfire:ghost":11,"alexsmobs:crow":1,"minecraft:enderman":1},"minecraft:mined":{"minecraft:dark_oak_planks":1,"minecraft:spruce_planks":6,"minecraft:white_bed":7,"minecraft:farmland":4,"iceandfire:graveyard_soil":11,"iceandfire:dread_torch":3,"minecraft:cobblestone_stairs":2,"twilightforest:oak_banister":6,"minecraft:stone_brick_wall":2,"minecraft:grass_block":1195,"minecraft:soul_soil":4,"minecraft:oxeye_daisy":1,"minecraft:iron_ore":27,"minecraft:pumpkin":81,"iceandfire:gold_pile":45,"minecraft:dirt_path":33,"minecraft:blue_orchid":9,"minecraft:brown_mushroom":23,"minecraft:red_bed":5,"minecraft:kelp_plant":10,"minecraft:torch":15,"minecraft:blast_furnace":1,"minecraft:poppy":2,"minecraft:melon":5,"iceandfire:ghost_chest":2,"minecraft:chest":23,"iceandfire:fire_lily":2,"minecraft:cobblestone":38,"minecraft:oak_planks":7,"minecraft:sugar_cane":151,"minecraft:wall_torch":9,"minecraft:birch_log":48,"minecraft:wheat":398,"minecraft:pumpkin_stem":8,"minecraft:wither_rose":2,"minecraft:grass":78,"minecraft:oak_log":90,"minecraft:beetroots":132,"minecraft:oak_fence_gate":4,"minecraft:sand":170,"minecraft:dirt":845,"minecraft:oak_leaves":310,"iceandfire:silver_ore":18,"minecraft:crimson_roots":2,"iceandfire:chared_dirt":71,"minecraft:spruce_leaves":11,"minecraft:kelp":3,"iceandfire:chared_grass":9,"minecraft:large_fern":1,"minecraft:furnace":2,"minecraft:carrots":243,"minecraft:snow":3,"minecraft:andesite":12,"iceandfire:chared_gravel":44,"minecraft:peony":10,"minecraft:potatoes":249,"minecraft:lantern":3,"minecraft:stripped_oak_log":3,"minecraft:packed_ice":8,"iceandfire:frost_lily":3,"minecraft:stone":1420,"minecraft:birch_stairs":5,"minecraft:oak_slab":3,"minecraft:oak_fence":1,"minecraft:crafting_table":7,"minecraft:emerald_ore":1,"minecraft:tall_grass":5,"minecraft:blue_bed":1,"minecraft:birch_planks":1,"minecraft:coarse_dirt":23,"minecraft:cobblestone_wall":2,"minecraft:ice":27,"minecraft:spruce_log":19,"minecraft:birch_leaves":37,"iceandfire:ash":9,"minecraft:yellow_bed":1,"minecraft:coal_ore":157,"minecraft:gravel":489,"minecraft:cracked_stone_bricks":19,"minecraft:stone_bricks":37,"minecraft:mossy_stone_bricks":3,"minecraft:fern":3},"minecraft:picked_up":{"minecraft:wooden_axe":4,"iceandfire:dread_stone_bricks":1,"minecraft:birch_door":3,"minecraft:iron_chestplate":12,"minecraft:wheat":407,"minecraft:lead":9,"iceandfire:armor_copper_metal_chestplate":1,"minecraft:oak_stairs":2,"minecraft:wither_rose":4,"minecraft:enchanted_book":3,"iceandfire:manuscript":20,"minecraft:string":13,"minecraft:soul_soil":4,"minecraft:raw_copper":35,"minecraft:cooked_salmon":31,"minecraft:iron_leggings":8,"minecraft:beetroot":123,"minecraft:gold_nugget":778,"minecraft:bucket":1,"iceandfire:frost_lily":6,"minecraft:spruce_planks":16,"minecraft:red_dye":1,"waystones:return_scroll":15,"minecraft:rose_bush":1,"minecraft:redstone_torch":1,"minecraft:wooden_shovel":12,"minecraft:iron_pickaxe":12,"minecraft:melon_slice":22,"minecraft:iron_boots":13,"minecraft:furnace":18,"minecraft:tipped_arrow":5,"minecraft:stick":50,"iceandfire:ghost_chest":3,"minecraft:composter":1,"twilightforest:oak_banister":22,"minecraft:oak_fence":29,"minecraft:torch":96,"iceandfire:dread_torch":7,"minecraft:snow_block":1,"minecraft:porkchop":95,"minecraft:dried_kelp":5,"minecraft:rabbit_foot":4,"minecraft:goat_horn":3,"iceandfire:armor_silver_metal_boots":5,"minecraft:stone_sword":2,"minecraft:rotten_flesh":89,"minecraft:carved_pumpkin":5,"minecraft:obsidian":5,"minecraft:iron_bars":3,"minecraft:cod":25,"minecraft:snowball":40,"minecraft:cobblestone":1615,"minecraft:birch_log":48,"iceandfire:sapphire_gem":9,"minecraft:feather":57,"minecraft:cooked_beef":5,"minecraft:water_bucket":9,"minecraft:andesite":10,"minecraft:potato":907,"minecraft:flint":42,"minecraft:dirt":2287,"minecraft:lantern":6,"minecraft:glass":293,"minecraft:bone":136,"minecraft:bow":1,"minecraft:wheat_seeds":1064,"minecraft:bell":1,"minecraft:mossy_stone_bricks":3,"minecraft:rabbit":4,"minecraft:oak_planks":938,"minecraft:cooked_porkchop":18,"iceandfire:podium_spruce":1,"minecraft:poisonous_potato":9,"iceandfire:dragon_skull_fire":1,"iceandfire:shiny_scales":1,"minecraft:sand":363,"minecraft:ink_sac":172,"minecraft:grass_block":2,"alexsmobs:animal_dictionary":4,"minecraft:barrel":2,"minecraft:iron_hoe":13,"minecraft:diamond":8,"minecraft:spruce_boat":5,"iceandfire:lectern":1,"iceandfire:dragonbone_sword_fire":1,"iceandfire:dread_stone_bricks_mossy":2,"minecraft:blue_ice":2,"minecraft:crossbow":1,"minecraft:bone_meal":43,"minecraft:golden_apple":5,"minecraft:emerald":1,"minecraft:bread":31,"alexsmobs:maggot":6,"minecraft:oak_sapling":29,"minecraft:netherrack":2,"minecraft:crimson_roots":2,"minecraft:oak_leaves":183,"iceandfire:raw_silver":24,"minecraft:diamond_pickaxe":4,"minecraft:coarse_dirt":25,"minecraft:crafting_table":15,"minecraft:chicken":33,"minecraft:ladder":6,"iceandfire:fire_lily":2,"minecraft:brown_mushroom":49,"minecraft:packed_ice":3,"minecraft:wooden_pickaxe":9,"minecraft:stone_brick_wall":2,"minecraft:cooked_rabbit":2,"alexsmobs:froststalker_horn":1,"minecraft:chain":2,"minecraft:shield":5,"minecraft:red_bed":12,"minecraft:iron_axe":8,"minecraft:wooden_sword":1,"minecraft:white_carpet":9,"minecraft:iron_shovel":9,"minecraft:blue_orchid":18,"minecraft:glass_pane":28,"minecraft:cracked_stone_bricks":20,"iceandfire:graveyard_soil":12,"iceandfire:bestiary":4,"minecraft:cartography_table":1,"minecraft:beef":1,"iceandfire:dread_shard":96,"minecraft:oak_boat":9,"minecraft:poppy":3,"minecraft:sugar_cane":297,"minecraft:chest":23,"minecraft:birch_sapling":14,"minecraft:egg":102,"minecraft:raw_iron":27,"minecraft:sandstone":1,"iceandfire:dragonbone":38,"iceandfire:troll_tusk":4,"minecraft:oak_door":2,"iceandfire:chared_grass":9,"minecraft:fire_charge":1,"iceandfire:armor_copper_metal_boots":1,"minecraft:carrot":1168,"minecraft:redstone":14,"minecraft:dark_oak_planks":3,"iceandfire:dragon_skull_ice":4,"minecraft:tnt":2,"iceandfire:silver_ingot":20,"minecraft:arrow":26,"minecraft:stone_shovel":18,"minecraft:cooked_cod":19,"minecraft:beetroot_seeds":348,"minecraft:golden_hoe":4,"minecraft:pumpkin_pie":30,"minecraft:peony":18,"minecraft:shears":2,"iceandfire:chared_dirt":70,"minecraft:hay_block":1,"minecraft:saddle":4,"minecraft:gold_ingot":10,"minecraft:mutton":22,"minecraft:white_wool":14,"minecraft:skeleton_skull":2,"minecraft:bone_block":4,"minecraft:oxeye_daisy":1,"iceandfire:silver_axe":3,"minecraft:stripped_oak_log":3,"minecraft:purple_dye":1,"minecraft:golden_carrot":22,"minecraft:glow_ink_sac":29,"minecraft:salmon":57,"minecraft:leather":4,"minecraft:music_disc_stal":1,"minecraft:birch_planks":99,"minecraft:filled_map":5,"alexsmobs:cachalot_whale_tooth":31,"minecraft:oak_log":106,"minecraft:lily_pad":7,"iceandfire:ectoplasm":15,"iceandfire:dread_stone_bricks_cracked":4,"minecraft:cobblestone_wall":41,"minecraft:gunpowder":8,"minecraft:cobblestone_stairs":4,"minecraft:wooden_hoe":1,"minecraft:blue_bed":1,"minecraft:paper":14,"minecraft:cooked_mutton":10,"minecraft:stone_bricks":52,"minecraft:kelp":52,"iceandfire:armor_silver_metal_helmet":4,"minecraft:rabbit_hide":7,"minecraft:iron_ingot":24,"minecraft:oak_fence_gate":19,"minecraft:stone_pickaxe":14,"minecraft:cooked_chicken":4,"minecraft:cobweb":2,"minecraft:glass_bottle":6,"minecraft:iron_sword":17,"minecraft:soul_sand":1,"minecraft:book":9,"minecraft:oak_slab":27,"minecraft:birch_boat":4,"minecraft:pumpkin":87,"iceandfire:dragonbone_sword":10,"iceandfire:ash":10,"minecraft:spyglass":2,"minecraft:gravel":485,"minecraft:birch_stairs":13,"minecraft:amethyst_shard":104,"minecraft:blast_furnace":3,"minecraft:white_bed":6,"minecraft:spruce_log":28,"minecraft:spruce_door":1,"minecraft:spider_eye":7,"minecraft:leather_helmet":2,"minecraft:pumpkin_seeds":5,"minecraft:stone_axe":1,"minecraft:iron_helmet":13,"minecraft:baked_potato":227,"iceandfire:chared_gravel":51,"minecraft:coal":265,"minecraft:pink_dye":2},"minecraft:custom":{"minecraft:animals_bred":66,"minecraft:interact_with_crafting_table":111,"minecraft:open_barrel":3,"minecraft:bell_ring":60,"minecraft:leave_game":10,"minecraft:time_since_death":144518,"minecraft:sprint_one_cm":2508160,"minecraft:drop":998,"minecraft:talked_to_villager":1,"minecraft:play_time":1513115,"minecraft:deaths":41,"minecraft:jump":13757,"minecraft:interact_with_brewingstand":2,"minecraft:walk_on_water_one_cm":334627,"minecraft:interact_with_furnace":251,"minecraft:sleep_in_bed":46,"minecraft:waystone_activated":1,"minecraft:damage_dealt":28658,"minecraft:player_kills":4,"minecraft:crouch_one_cm":24365,"minecraft:mob_kills":246,"minecraft:climb_one_cm":57611,"minecraft:walk_one_cm":5007783,"minecraft:raid_win":1,"minecraft:sneak_time":6055,"minecraft:walk_under_water_one_cm":336204,"minecraft:boat_one_cm":1320980,"minecraft:interact_with_blast_furnace":9,"minecraft:total_world_time":1513115,"minecraft:interact_with_grindstone":1,"minecraft:time_since_rest":37377,"minecraft:damage_taken":18521,"minecraft:trigger_trapped_chest":3,"minecraft:swim_one_cm":403133,"minecraft:fly_one_cm":1496338,"minecraft:open_chest":862,"minecraft:fall_one_cm":294520},"minecraft:dropped":{"minecraft:iron_sword":4,"minecraft:birch_planks":36,"minecraft:porkchop":14,"minecraft:oak_log":27,"minecraft:baked_potato":18,"minecraft:glass_bottle":1,"minecraft:diamond":4,"minecraft:cooked_porkchop":5,"iceandfire:ectoplasm":1,"minecraft:saddle":1,"minecraft:birch_slab":5,"iceandfire:graveyard_soil":2,"minecraft:dirt":181,"minecraft:cooked_cod":37,"iceandfire:armor_copper_metal_boots":1,"minecraft:pumpkin_pie":18,"minecraft:bone_meal":4,"minecraft:sand":156,"iceandfire:fire_dragon_blood":1,"minecraft:iron_pickaxe":1,"iceandfire:armor_silver_metal_helmet":1,"minecraft:dark_oak_planks":1,"minecraft:birch_log":12,"minecraft:white_wool":1,"minecraft:bone":2,"minecraft:gravel":1,"minecraft:stone_axe":1,"minecraft:sugar_cane":46,"minecraft:wheat":3,"minecraft:birch_sapling":2,"minecraft:rotten_flesh":7,"minecraft:oak_planks":202,"alexsmobs:cachalot_whale_tooth":2,"minecraft:salmon":2,"minecraft:carrot":53,"iceandfire:armor_silver_metal_boots":2,"minecraft:beetroot_seeds":3,"iceandfire:bestiary":2,"minecraft:glass":3,"iceandfire:dragonbone_sword":7,"minecraft:water_bucket":5,"minecraft:iron_ingot":11,"minecraft:bread":3,"minecraft:oak_slab":11,"minecraft:wheat_seeds":34,"minecraft:tnt":2,"minecraft:lead":1,"minecraft:oak_fence":12,"minecraft:feather":4,"minecraft:cobblestone":1,"minecraft:coal":9,"minecraft:golden_apple":2,"minecraft:stick":6,"minecraft:ink_sac":9,"minecraft:wooden_axe":1,"minecraft:cooked_salmon":21,"waystones:return_scroll":7,"minecraft:iron_leggings":1,"minecraft:pumpkin":7,"minecraft:iron_axe":2,"minecraft:iron_shovel":1,"minecraft:paper":6,"minecraft:string":1,"iceandfire:dragonbone":11,"minecraft:coarse_dirt":1,"minecraft:stone_shovel":2,"minecraft:iron_hoe":1,"minecraft:glass_pane":28,"minecraft:filled_map":3,"minecraft:spruce_boat":1,"minecraft:shield":1,"minecraft:peony":2,"minecraft:iron_chestplate":1,"iceandfire:silver_ingot":7,"minecraft:oak_boat":3,"minecraft:birch_boat":2,"minecraft:stone_pickaxe":1,"minecraft:wooden_pickaxe":1,"minecraft:cooked_rabbit":3},"minecraft:killed_by":{"minecraft:creeper":2,"minecraft:drowned":1,"alexsmobs:cachalot_whale":3,"minecraft:zombie":1,"iceandfire:fire_dragon":2,"minecraft:player":13,"minecraft:enderman":2,"minecraft:skeleton":5,"iceandfire:ghost":4},"minecraft:crafted":{"minecraft:oak_planks":100,"minecraft:birch_boat":1,"minecraft:cooked_chicken":34,"minecraft:cooked_mutton":29,"minecraft:glass":17,"minecraft:chest":12,"minecraft:birch_door":3,"minecraft:cooked_rabbit":2,"minecraft:golden_sword":1,"minecraft:golden_axe":1,"minecraft:oak_slab":96,"minecraft:wooden_shovel":9,"minecraft:cooked_porkchop":88,"minecraft:crafting_table":1,"minecraft:spruce_planks":20,"minecraft:wooden_pickaxe":2,"minecraft:baked_potato":483,"minecraft:birch_planks":100,"minecraft:pumpkin_seeds":28,"minecraft:shield":2,"minecraft:stick":112,"minecraft:iron_ingot":49,"minecraft:iron_pickaxe":2,"minecraft:stone_sword":1,"minecraft:gold_ingot":11,"minecraft:birch_stairs":4,"minecraft:beetroot_soup":1,"minecraft:shears":1,"minecraft:stone_shovel":1,"minecraft:stone_brick_wall":6,"minecraft:furnace":1,"minecraft:bone_meal":63,"minecraft:iron_axe":1,"minecraft:stone_pickaxe":5,"minecraft:cobblestone_wall":132,"iceandfire:armor_silver_metal_boots":1,"minecraft:cooked_beef":24,"minecraft:sugar":41,"minecraft:cooked_cod":18,"iceandfire:silver_ingot":8,"minecraft:dried_kelp":1,"twilightforest:oak_banister":72,"minecraft:iron_sword":8,"alexsmobs:cooked_moose_ribs":2,"minecraft:cooked_salmon":21,"minecraft:bucket":3,"minecraft:bread":99,"iceandfire:armor_silver_metal_helmet":1,"minecraft:wooden_axe":3,"minecraft:iron_shovel":2,"minecraft:pumpkin_pie":41,"minecraft:torch":32,"iceandfire:silver_hoe":2},"minecraft:used":{"minecraft:peony":13,"minecraft:beetroot":7,"minecraft:iron_shovel":930,"minecraft:chest":47,"minecraft:iron_sword":528,"minecraft:iron_chestplate":1,"minecraft:mutton":2,"minecraft:carrot":414,"minecraft:snowball":4,"minecraft:spruce_boat":1,"iceandfire:dread_torch":7,"minecraft:lantern":3,"minecraft:birch_sapling":10,"minecraft:blue_orchid":9,"iceandfire:ghost_chest":1,"minecraft:stone_bricks":46,"minecraft:golden_sword":32,"minecraft:oak_sapling":13,"minecraft:furnace":3,"minecraft:beetroot_seeds":339,"minecraft:egg":9,"minecraft:potato":319,"twilightforest:oak_banister":70,"minecraft:mossy_stone_bricks":3,"minecraft:stone_pickaxe":254,"minecraft:oak_planks":4,"minecraft:lily_pad":8,"minecraft:wooden_pickaxe":42,"minecraft:composter":1,"minecraft:sugar_cane":7,"minecraft:blue_bed":1,"minecraft:oak_leaves":113,"minecraft:golden_hoe":35,"minecraft:sand":46,"minecraft:stone_brick_wall":8,"iceandfire:silver_axe":11,"minecraft:shears":198,"minecraft:pumpkin_seeds":26,"iceandfire:dragonbone_sword":315,"minecraft:melon_slice":7,"minecraft:string":1,"minecraft:bread":11,"minecraft:gravel":34,"alexsmobs:cooked_moose_ribs":2,"minecraft:wooden_sword":63,"minecraft:cooked_rabbit":1,"minecraft:chain":2,"minecraft:oak_boat":1,"iceandfire:fire_lily":1,"minecraft:coarse_dirt":15,"minecraft:bone_meal":103,"minecraft:rose_bush":1,"minecraft:stone_sword":109,"minecraft:stone_shovel":131,"minecraft:cooked_salmon":8,"minecraft:wooden_shovel":249,"minecraft:cooked_chicken":5,"minecraft:torch":73,"minecraft:dirt":1807,"minecraft:spyglass":7,"minecraft:cobblestone_wall":95,"minecraft:golden_shovel":172,"minecraft:oak_fence_gate":4,"minecraft:birch_door":3,"minecraft:iron_hoe":77,"minecraft:wooden_axe":129,"minecraft:iron_axe":178,"minecraft:oak_stairs":2,"minecraft:goat_horn":16,"minecraft:cooked_beef":1,"minecraft:golden_axe":21,"minecraft:wheat_seeds":1095,"minecraft:cooked_mutton":9,"minecraft:water_bucket":17,"minecraft:rabbit":2,"minecraft:birch_planks":3,"minecraft:baked_potato":67,"minecraft:cracked_stone_bricks":30,"iceandfire:chared_dirt":49,"minecraft:oak_slab":22,"minecraft:crafting_table":7,"minecraft:red_bed":7,"minecraft:white_bed":5,"minecraft:spruce_log":3,"minecraft:oak_log":1,"minecraft:wooden_hoe":59,"minecraft:diamond_pickaxe":1383,"minecraft:apple":1,"iceandfire:dragonbone_sword_fire":11,"minecraft:iron_pickaxe":206,"minecraft:suspicious_stew":1,"iceandfire:silver_hoe":96,"iceandfire:chared_gravel":9,"minecraft:cobblestone":226,"minecraft:porkchop":1,"minecraft:cooked_porkchop":17,"iceandfire:chared_grass":7,"minecraft:bucket":19,"minecraft:pumpkin_pie":15,"alexsmobs:animal_dictionary":1,"minecraft:stripped_oak_log":1,"minecraft:kelp":26,"minecraft:birch_stairs":5}},"DataVersion":3465}